제목,질문,답변,https://kin.naver.com/search/list.nhn?query=어느+병원+-동물+-성형+-강아지+-피부과+-개인회생+-인테리어+-진로+-커리큘럼+-자동차+-도서+-보험+-교통+-차+-간호학과+-학과&sort=date&period=2019.03.22.|2019.03.26.&section=kin&page=1
대학교 자퇴 후 재수,"안녕하세요. 이번년도에 지방전문대 간호학과로 입학을 한 신입생입니다. 원래 간호학과에 오고싶지 않았는데 제가 가고싶은 학과에 가기에는 성적이 되지 않아 고3 원서접수때 어쩔 수 없이 대학교를 낮추고 과를 보건 계열로 다 바꿔서 간호학과에 오게 되었습니다. 전공 수업 듣는건 괜찮지만 원치 않는 교양까지 시간표에 다 있어 어쩔 수 없이 듣고 있고 기숙사 생활을 하고 있는데 너무 자퇴가 하고 싶어요. 오직 취업목적으로 간 거라 간호사라는 직업을 잘 해낼 자신이 없고 심지어 학교가 그렇게 취업률이 높지 않습니다. 하지만 제가 자퇴를 해서 다른 대학교에 입학하려면 거의 삼수를 해야 합니다. 왜냐하면 제가 이과였는데 고3때 수학을 나형으로 바꿨었기 때문에 가형을 다시 공부해야 하고 영어도 부족하여 더 많은 공부를 해야 합니다. 그래서 고민이 많이 됩니다. 자퇴를 해야할까요 아님 버텨야 할까요? 제가 원하는 과는 생명공학 또는 수의대 였습니다.  1. 적성에 맞지 않지만 간호학과는 취업 잘 되니까 버티자2. 한번 사는 인생 하고싶은 공부, 일을 하자. 그러므로 재수, 삼수 하자무엇이 옳은 선택인지 조언 부탁드립니다ㅠㅠㅠ 편입 광고 하지마세요 편입 안하고 재수 할거니까 광고 하지마세요","안녕하세요.20대 후반인 제가 이제 막 20살이 된 분께 저의 경험을 조금이나마 알려드리고자 합니다.저 같은 경우는 학교는 마음에 들었는데, 학과가 마음에 들지 않았습니다. 경영학과에 입학하고, 수업을 들었는데 제가 생각한 것과는 많이 다른 내용들이었고, 원래 선생님이 꿈이었기에 사범대로 전과를 하려고 했어요. 하지만 1학년을 마치고 전과를 알아보니, 사범대는 전과가 불가능 하더라구요.그래서 자퇴를 하고, 새로 사범대를 준비해볼까 여러번 고민했습니다.결국 안했습니다. 사실 1년 동안 바친 대학교 등록금도 등록금이지만, 부모님께 말할 자신도 없었고, 제가 다시 입시를 해낼 자신도 없었습니다. 그리고 무엇보다 1년 뒤쳐지는 것도 싫었어요.근데 지금에 와서는 너무 후회가 됩니다.그 때 만약 반수를 해서 성공했다면, 내가 지금 아이들 앞에서 교육을 하는 교사가 되 있지 않았을까?이런 생각을 지금도해요.이건 제가 경험한 걸 그냥 말씀드린거고요.현실적으로 넘어가 볼게요.이제 수능이 약 6~7개월 정도 남았는데, 수학과 영어가 부족하시다면 하루 빨리 공부하셔야 하고, 간호학과는 어느 학교를 나오든 자격증만 있으면 취업이 정말 잘됩니다.. 우선 간호사가 부족합니다.대신, 어느 병원으로 가느냐에 따라 연봉이 다르겠지만요.재수를 하실거면 하루 빨리 공부 시작하셔야 합니다. 사실 삼수까지 가는건 본인을 합리화 시키는 거거든요. 짧고 굵게 해보는데까지 해보고 올해 승부를 본다는 마음가짐으로 가야합니다.",https://kin.naver.com/qna/detail.naver?d1id=11&dirId=110408&docId=324026409&qb=7Ja064qQIOuzkeybkA==&enc=utf8&section=kin&rank=1&search_sort=3&spq=0
대학교 자퇴 후 재수,"안녕하세요. 이번년도에 지방전문대 간호학과로 입학을 한 신입생입니다. 원래 간호학과에 오고싶지 않았는데 제가 가고싶은 학과에 가기에는 성적이 되지 않아 고3 원서접수때 어쩔 수 없이 대학교를 낮추고 과를 보건 계열로 다 바꿔서 간호학과에 오게 되었습니다. 전공 수업 듣는건 괜찮지만 원치 않는 교양까지 시간표에 다 있어 어쩔 수 없이 듣고 있고 기숙사 생활을 하고 있는데 너무 자퇴가 하고 싶어요. 오직 취업목적으로 간 거라 간호사라는 직업을 잘 해낼 자신이 없고 심지어 학교가 그렇게 취업률이 높지 않습니다. 하지만 제가 자퇴를 해서 다른 대학교에 입학하려면 거의 삼수를 해야 합니다. 왜냐하면 제가 이과였는데 고3때 수학을 나형으로 바꿨었기 때문에 가형을 다시 공부해야 하고 영어도 부족하여 더 많은 공부를 해야 합니다. 그래서 고민이 많이 됩니다. 자퇴를 해야할까요 아님 버텨야 할까요? 제가 원하는 과는 생명공학 또는 수의대 였습니다.  1. 적성에 맞지 않지만 간호학과는 취업 잘 되니까 버티자2. 한번 사는 인생 하고싶은 공부, 일을 하자. 그러므로 재수, 삼수 하자무엇이 옳은 선택인지 조언 부탁드립니다ㅠㅠㅠ 편입 광고 하지마세요 편입 안하고 재수 할거니까 광고 하지마세요","안녕하세요지식인 교육분야 전문 멘토로 활동중인 (안암캠퍼스)고려대학교 학사편입 합격생입니다(지식인 상에서 학력 위조, 사칭 조심하세요)수기 답변 100% 약속드립니다[답변]- ﻿ㅇ반수 성공률이 높지 않은데..혹시 편입은 어떠세요?굳이 대학교 2학년까지 마치지 않더라도학교 다니면서 1년간 병행으로편입 가능합니다학점은행제로 저렴하게 학위 취득하면서 (온라인 과정)편입 시험 준비만 해주시면반수처럼 1년 늦어지는게 아니라오히려 1년 빠르게 21살에 3학년으로 입학 가능합니다편입이 더 쉽습니다제가 전략 설정하는거 도와드릴게요답변 도움 되셨다면 채택 부탁드립니다추가적으로 더 궁금하신 사항이 있으시면 ** 상담은 항상 무료 **https://open.kakao.com/o/sBe35T7

으로 연락주세요 ^^65498432134654"
항문외과를 가서 검사를 해봤는데치질이 살짝 보인다고 별로 신경안써도된다곤하던데1.좀 찢어졌다고하던데 변누고 닦을때마다 피가 조금씩 나오는데 가렵기도하고 좀 따갑기도한데바르는연고가 효과적인가요???먹는약이 효과적인가요??약만 처방 받았긴했는데...이럴때 어떻게 해야 좀 빨리 나아지나요??(반신욕이 좋다고하던데..)2.그리고 이게 이 이후로 그런지 모르겠는데 원래 좀 그 똥꾸멍이 좀 쪼여진다해야하나 제가 힘을 줘서 쪼으는게아니라 그 항문이 뭔가 쪼이듯이 그렇던데 원래이런건가요?3 치질이 좀 있다고하던데 치료할수있는방법이나 혹시 좀 조심해야하는거 있나요??(나이는 25살입니다ㅠㅠ1년전도 아니고 반년전에만 가서 검사했을때도 치질...그런이야기는 안하던데...)같은병원에 갔구요..,"... 울화병이 있을 땐 어느 병원을 가야하나요? 안녕하세요, 닥톡-네이버 지식iN 상담한의사 김하나입니다. 현재 울화가 치밀고 화병이 일어나는데 어느 병원을 가서 진료를...",우선 1번은 제 경험상 좌욕이 최고더라고요좌욕만 잘해도 치질은 어느정도 관리할수 있어요그리고 아무래도 찢어진 상처면 먹는것보단직접 바르는게 낫겠죠?2번은 무슨말씀이신지 잘 모르겠네요....3번은 좌욕은 말할것도없이 중요하고요변비가 생기지않도록 주의해야죠단단드한 변이 나오면 항문안에 살들까지딸려나와요그리고 또 항문내부가 찢어지고 피나고..그리고 배변시에는 3분내로 해야한대요배변후엔 휴지보단 바로 물로 씻으시는게좋은데 좀 힘들죠..물티슈라도 이용하세요저는 치질수술을 했는데현재..위에 것들을 잘 지키지 못하고있어요 ㅠㅠ정말 귀찮아요...,https://kin.naver.com/qna/detail.naver?d1id=7&dirId=70104&docId=324025248&qb=7Ja064qQIOuzkeybkA==&enc=utf8&section=kin&rank=2&search_sort=3&spq=0
"청소년 임신 , 1, 병원가서 지울려고할때 보호자 꼭 필요하죠? 2, 남자친구 부모님도 되나요... 저희끼린 안되겠죠?","... 울화병이 있을 땐 어느 병원을 가야하나요? 안녕하세요, 닥톡-네이버 지식iN 상담한의사 김하나입니다. 현재 울화가 치밀고 화병이 일어나는데 어느 병원을 가서 진료를...","안녕하세요? 변호사가 필요할 땐, 로톡입니다.현행법상 낙태는 원칙적으로 금지됩니다. 따라서 부녀가 약물이나 그 밖의 방법으로 낙태한 경우에는 1년 이하의 징역 또는 200만원 이하의 벌금에 처해집니다(「형법」 제269조제1항).모자보건법상 낙태가 허용되는 예외에 해당하더라도 임신한 날로부터 24주이내여야 하고, 본인과 배우자의 동의 등의 요건을 갖추어야 합니다.답답하신 마음에 시원한 답변은 못 드리지만 대신 변호사와 부담없이 상담하실 수 있는 저희 서비스를 소개해드립니다. 변호사와의 상담을 통해 정확한 해결방법을 찾아보시는 것이 더 실질적인 도움을 받으실 수 있을 것 같아서 입니다. 꼭 골치아픈 일이 잘 해결되었으면 좋겠습니다.# 로톡(www.lawtalk.co.kr)은 전국 1,248명 변호사와 함께하는 대한민국 넘버원 법률상담 플랫폼입니다. 변호사에게 상담을 예약하면 변호사가 전화를 걸어 15분간 상담해드리니 부담갖지 마시고 문의하세요. ※ 참고: 로톡에서 관련 변호사 및 유사사례 확인하기# 한정된 정보에 근거하여 드리는 답변으로 법적인 책임이 없음을 사전에 알려드립니다.",https://kin.naver.com/qna/detail.naver?d1id=6&dirId=60208&docId=324019609&qb=7Ja064qQIOuzkeybkA==&enc=utf8&section=kin&rank=3&search_sort=3&spq=0
"청소년 임신 , 1, 병원가서 지울려고할때 보호자 꼭 필요하죠? 2, 남자친구 부모님도 되나요... 저희끼린 안되겠죠?","... 울화병이 있을 땐 어느 병원을 가야하나요? 안녕하세요, 닥톡-네이버 지식iN 상담한의사 김하나입니다. 현재 울화가 치밀고 화병이 일어나는데 어느 병원을 가서 진료를...","기본적으로 우리나라에서는 특정한 상황을 제외하고는 낙태는 불법으로 규정하고 있습니다. 특정한 상황에 대해서는 보건모자법에 규정되어있습니다.제14조(인공임신중절수술의 허용한계) ① 의사는 다음 각 호의 어느 하나에 해당되는 경우에만 본인과 배우자(사실상의 혼인관계에 있는 사람을 포함한다. 이하 같다)의 동의를 받아 인공임신중절수술을 할 수 있다.1. 본인이나 배우자가 대통령령으로 정하는 우생학적(優生學的) 또는 유전학적 정신장애나 신체질환이 있는 경우2. 본인이나 배우자가 대통령령으로 정하는 전염성 질환이 있는 경우3. 강간 또는 준강간(準强姦)에 의하여 임신된 경우4. 법률상 혼인할 수 없는 혈족 또는 인척 간에 임신된 경우5. 임신의 지속이 보건의학적 이유로 모체의 건강을 심각하게 해치고 있거나 해칠 우려가 있는 경우② 제1항의 경우에 배우자의 사망ㆍ실종ㆍ행방불명, 그 밖에 부득이한 사유로 동의를 받을 수 없으면 본인의 동의만으로 그 수술을 할 수 있다.③ 제1항의 경우 본인이나 배우자가 심신장애로 의사표시를 할 수 없을 때에는 그 친권자나 후견인의 동의로, 친권자나 후견인이 없을 때에는 부양의무자의 동의로 각각 그 동의를 갈음할 수 있다.(출처 : 국가법령정보센터)"
친구와 놀다가 놀이터에서 머리로 넘어졌는데 잠시 기절할정도로 크게 넘어졌어요 그날은 아무러치 않게 여기고 넘어갔는데 다음날부터 목 근육이 아픈데 어느 병원을 가야하는거죠?,"... 울화병이 있을 땐 어느 병원을 가야하나요? 안녕하세요, 닥톡-네이버 지식iN 상담한의사 김하나입니다. 현재 울화가 치밀고 화병이 일어나는데 어느 병원을 가서 진료를...","신경외과가셔서 목,뇌사진을 찍어보세요,",https://kin.naver.com/qna/detail.naver?d1id=7&dirId=70103&docId=324019228&qb=7Ja064qQIOuzkeybkA==&enc=utf8&section=kin&rank=4&search_sort=3&spq=0
미세먼지때문에 목이 좀 불편해졌는데그때문에 말하는 목소리도 이상해졌어요ㅠㅠ원래 안그랬는데 미세먼지없이 맑은날도목소리가 갈라지고 점점 이상해지네요병원에서 처방받은 약을 먹긴하는데 목소리가 예전처럼 돌아오지 않아요 어떡하죠?성대결절일까요?,"... 울화병이 있을 땐 어느 병원을 가야하나요? 안녕하세요, 닥톡-네이버 지식iN 상담한의사 김하나입니다. 현재 울화가 치밀고 화병이 일어나는데 어느 병원을 가서 진료를...","안녕하세요 현직트레이너가 직접 답변 드리도록 하겠습니다. 요즘같은 오락가락한 날씨에미세먼지까지 심해진 날에는외출을 삼가하는게 제일 좋은 방법이죠.그러나 사람이기에 삶을 살아야 하기에 어쩔 수없이 외출을 하는 경우가 많죠.그렇기에 물을 수시로 챙겨드시고 방역마스크를 꼭 착용을 하고 외출을 하셔야합니다.성대라고 하는 내몸의 조직은 굉장히 연약한 존재이기에아껴주고 관리를 해줘야합니다.병원에서 약을 처방 받으셨지만 목이 안좋아진 시간이 너무 오래되셨다면말하는 습관자체가 약간의 변화가 생겼을수 있습니다.그로인해 목의 불편함을 계속 갖고 말을 하는 상황이 생기게됩니다.일단은 한 1~2주는 수시로 마스크를 끼고 다니시고,물을 수시로 드시고,집에 가습기를 항상 틀어놓으시기 바랍니다.그리고 가급적이면 입으로 숨을 쉬지 마시고 코로 숨을 들이쉬는게 좋습니다.왜냐하면 코안에 라디에이터같은 기능을 해주는 곳이 있어서내몸에 맞는 온도와 습도로 어느정도 바꿔주는 역할을 하기때문이죠.그리고 코털이 있어 어느정도 먼지를 제거 해줍니다.그렇게 1~2주 정도 지내보시다가도발성적인 불편함이 지속된다면 카톡아이디 : kms9846로 카톡연락 한번 주시면 바로 답변 드릴 수는 없어도 어느정도 목소리를 편안하게 만드는 꿀TIP을 드리겠습니다!^^원하는 답변이 되셨으면 채택 부탁드립니다~^^",https://kin.naver.com/qna/detail.naver?d1id=7&dirId=70102&docId=324016989&qb=7Ja064qQIOuzkeybkA==&enc=utf8&section=kin&rank=5&search_sort=3&spq=0
미세먼지때문에 목이 좀 불편해졌는데그때문에 말하는 목소리도 이상해졌어요ㅠㅠ원래 안그랬는데 미세먼지없이 맑은날도목소리가 갈라지고 점점 이상해지네요병원에서 처방받은 약을 먹긴하는데 목소리가 예전처럼 돌아오지 않아요 어떡하죠?성대결절일까요?,"... 울화병이 있을 땐 어느 병원을 가야하나요? 안녕하세요, 닥톡-네이버 지식iN 상담한의사 김하나입니다. 현재 울화가 치밀고 화병이 일어나는데 어느 병원을 가서 진료를...",목소리가 예전과는 달라져서 고민하고 계신 것 같은데요. 그럴 땐 목을 전문적으로 관리해주는 이비인후과로 가셔서 성대에 문제가 생긴 건 아닌지 검사해보세요.목소리도 환경에 따라 변하기 때문에 많이 사용하거나 무리하게 사용하면 변하기 마련인데요.아무리 성대 결절에 걸렸다 하더라도 관리를 통해 예전처럼 아름다운 목소리로 말할 수 있으니 너무 걱정하실 필요는 없습니다.
"엔클렉스를 쳐서 미국,캐나다로 간호취","한국 간호대를 졸업하고 경력을 1~3년 쌓은 후엔클렉스를 쳐서 미국,캐나다로 간호취업을 하거나호주,뉴질랜드 등으로 간호취업을 하려고 하는데요.그 때 한국에서 어느 정도 크기의 병원에서 어떤 병동에서 경력을 쌓았는지도 보나요?간호해외취업할 때 한국대학교 학점은 안 보지만 경력을 보기 때문에 큰 병원에 취업하기위해 학점을 잘 따야하는 건가요?","자... 님 뭔가 혼용되어서 무슨질문인지 저도 헷갈릴정도인데요. 일단 저는 외국에 있고, 캐나다에 사는데캐나다에서 님처럼 캐나다 간호사가 되고자 하는 한국 간호대 생들이 많습니다만,그건 거의 어렵고....(캐나다의 의료 시스템상 외국인 간호사 채용자체가 많지 않아요.)보통 NCLEX를 봐서 미국 간호사 면허 취득후에 취업브로커를 통해서 미국 병원/요양원등에 취업한다고 보심 됩니다.한국의 취업과 해외 취업은 좀 다른데해외병원들은 경력위주로 보구요. (해외 병원뿐 아니라 해외 전체적으로 다...)님의 대학 학점을 절대로 접근권한이 없구요. 면허만 있으면 충분히 간호자격이 있다고 생각합니다.사실 면허라는게, 간호사 하라고 면허를 주는거잖아요? 너가 간호사 해도 될정도의 시험실력이 나왔다. 라는걸 면허가 증명하는것이죠. 그리고 님이 어떤 류의 간호사가 될지는 솔찍히 모르겠으나그리고 뭐가 되고 싶어하는지도 모르겠으나보통 해외 취업 브로커들은 님에게 입맛에 맞는 그런 취업자리보다는주로 요양원이나... 환자 병동 간호사(단순 반복업무)로 알선해주는게 일반적일것입니다.님이 한국에서 유명한 대학교를 졸업해서유명한 대학병원 간호사 출신이라고 엄청 좋은곳으로 취업시켜준다기보다는미국의 한적한 시골이나, 중소도시의 대형병원들로 취업알선이 될것입니다.한계가 있는것은 어쩔수 없는데,대도시는 누구나... 다 있고 싶어하구요. 그래서 솔찍히 미국내 배출 간호사로도 충분히 고용이 가능한 지역들이 있습니다.흔히 미국에서 대도시인 지역이죠.미국내 배출 간호사를 채용하면, 솔찍히 외국인 고용을 위한 스폰서를 안해줘도 되죠.솔찍히 사업하는 입장에서는 왜 외국인 고용을 위한 스폰서를 해야하나요?이런저런 사업적 내용들이 다 공개되는 행위를...그런데 외국인 간호사를 고용해야할 정도의 그런 곳이 어디일까요?인력이 부족한 시골/중소도시의 병원이겠죠.그런데 채용된다고 보시면 됩니다.그리고 솔찍히 한국에서 NCLEX 준비하시는 분중에는 이제막 한국간호대 졸업후에 이것만 준비하시는 분들도 있습니다. 굳이 한국 경력이 없어도 취업할수 있기도 합니다.한국에서의 경력이 취업에 유리하기야 하겠지만,그 병원이 어떤 병원인지는 솔찍히 미국에서 알지도 못할거구요.뭐 존스홉킨스 정도의 유명한 병원출신 아니면, 누가 어디서 뭘했는지 어떻게 알아요?그런거구요. 한국의 병원 사이즈에 너무 연연하지 말라는 얘기구요.간호사는 기본적으로 협회가 있어서, 최저임금을 협회에 의해서 조종되니깐어디든 협회에서 정한 최저임금 혹은 그이상을 받고 시작한다고 보면 됩니다.좋은데 취업하면, 같은 페이를 받고 일만 많을수도 있어요.",https://kin.naver.com/qna/detail.naver?d1id=11&dirId=110603&docId=323981712&qb=7Ja064qQIOuzkeybkA==&enc=utf8&section=kin&rank=51&search_sort=3&spq=0
척추수술 했었고 현재는,척추수술을 그래도 좀 오래전에 했네요.  한 5년전..  그렇게 척추수술을 하고 통증은 많이 좋아졌지만  그래도 완벽하게 통증이 사라졌다고는 말을 못해서.  지금도 가끔 불편함이 있는데  척추수술까지는 아니더라도   지금 상태에서 뭐 어떻게 치료하는 방법은 없을까요?,"안녕하세요. 하이닥-네이버 지식iN 상담의 김상범 입니다.과거 척추수수을 하셨으나 아직까지도경미한 통증이 있어 고민이 있군요.수술을 했다해도 이후 본인의 관리나 행동, 생활습관 등에 따라통증이 어느정도 있는 경우도 있으므로평소 척추에 무리를 주는 자세나 행동 등을반복적으로 하는 것은 아닌지 확인하고이러한 요소를 제한하는 것이 좋겠습니다.또한 척추근력강화를 하는 것도 척추에 가해지는 자극이나부담을 줄여주어 통증완화에 도움이 될 수 있겠습니다.본인 스스로의 관리도 좋지만 통증이 심하다면병원에 가셔서 물리치료나 도수치료, 약물치료등을 병행하는 것도 크게 도움이 되겠습니다.감사합니다.",https://kin.naver.com/qna/detail.naver?d1id=7&dirId=70106&docId=323981623&qb=7Ja064qQIOuzkeybkA==&enc=utf8&section=kin&rank=52&search_sort=3&spq=0
"허리디스크 MRI 및 신경주사,시술 관련 문의드려요!","제가 한 일년정도넘기도 했지만 .. 작년12월부터인가 .. 조금만 앉아있어도발끝이 저려오고 허리가 아프고 너무 힘들어서 병원을 다니기 시작했는데 ..그렇게 치료하다가 중간에 잠시 괜찮다가 다시 또 .. 시작되는바람에이번엔 조금 큰병원가서 CT를 찍었는데 4,5번 신경이 많이 튀어나왔다 하시면서디스크가맞다고 근데 아직 수술을 권하지않는다고 젊어서 어쩌구어쩌구.. 더자세히 하시려면 MRI 찍고 신경주사나 시술이나 그러시던데 주말엔 아무래도 힘들어서 평일에 시간을 내라고하셨는데 ..MRI하고 뭐 신경주사를 만약 한다해도 하루정도는 시간을 내야한다하시더라구요..제가 직장인이라 ..사장님께 허리디스크가 심해져서 하루빠져야할것같다고 .. MRI찍고 신경주사나시술을해야한다 이렇게 말씀드리니깐... MRI찍고 주사나 시술하는데 뭐 하루냐고오전에 다끝내고 오후에 들어와라 하시더라구요.... 근데 그때 병원에서왜 하루가걸리는지..설명은 못들어서 ... 제가 묻고싶은건1) MRI 찍고 허리신경주사를 맞는다고했을때, 하루정도 시간을 비워야하는 이유?..시간소요?..   병원에서 하루정도 시간비워라고하시는이유를.. 좀알려주세요..제회사근무시간은 9시~18시입니다..2) 저는..그래도 잘한다하는 병원가서 하고싶은건데.. 만일 사장님이 절대안된다할경우..   9시에가서 11시이전에 끝날수도있나요? MRI이랑 주사..이런것들이..좀알려주세요 ..ㅠㅠ 일을 그만둘순없고 ..참 답답하네요 .....",1.MRI 촬영에 걸리는 시간은 30분 입니다  앞에 대기 환자가 많은 경우 대기 시간까지 해서 1~2시간 소요됩니다 (병원마다 다를수있음)그리구 신경 차단술 같은 경우도 15분 20분 종두 소요되구요 이것도 대기환자가 많으면 오래걸릴수있어요(병원 마다 다를수있습니다) 병원 시작이 9시 부터 일테니까접수+대기+진료실+MRI촬영+대기+진료실+시술실+시술+진료실 이렇게 순서대로 가시면 오전에 다 끝내기 어렵습니다 2.잘한다는 병원은 입소문이 나 있기 때문에 환자가 많아 대기시간이 그만큼 길어집니다9시~11시 전에 끝낼수는 없어보입니다 (MRI촬영+신경차단술)까지 받으시면 불가능합니다.제 생각으로는 당장은 바른자세 취하시고 직장생활하시구요 시간 비울수 있을때 병원에 전화를 걸어 MRI예약을 잡고 MRI촬영먼저 해서 보관하시고 시간날때마다 병원 방문 하셔서 신경 차단술 받으시면 될거같습니다한번에 몰아서 받으려니 시간에 허덕이시는거같은데 MRI촬영본 가지고 있으시면 어느병원을 가던 의사에게 보여주고 증상이야기 하시면신경주사나 차단술 받으실수있습니다. 제글이 도움이 되셧다면 채택 부탁드립니다.,https://kin.naver.com/qna/detail.naver?d1id=7&dirId=70107&docId=323981307&qb=7Ja064qQIOuzkeybkA==&enc=utf8&section=kin&rank=53&search_sort=3&spq=0
"허리디스크 MRI 및 신경주사,시술 관련 문의드려요!","제가 한 일년정도넘기도 했지만 .. 작년12월부터인가 .. 조금만 앉아있어도발끝이 저려오고 허리가 아프고 너무 힘들어서 병원을 다니기 시작했는데 ..그렇게 치료하다가 중간에 잠시 괜찮다가 다시 또 .. 시작되는바람에이번엔 조금 큰병원가서 CT를 찍었는데 4,5번 신경이 많이 튀어나왔다 하시면서디스크가맞다고 근데 아직 수술을 권하지않는다고 젊어서 어쩌구어쩌구.. 더자세히 하시려면 MRI 찍고 신경주사나 시술이나 그러시던데 주말엔 아무래도 힘들어서 평일에 시간을 내라고하셨는데 ..MRI하고 뭐 신경주사를 만약 한다해도 하루정도는 시간을 내야한다하시더라구요..제가 직장인이라 ..사장님께 허리디스크가 심해져서 하루빠져야할것같다고 .. MRI찍고 신경주사나시술을해야한다 이렇게 말씀드리니깐... MRI찍고 주사나 시술하는데 뭐 하루냐고오전에 다끝내고 오후에 들어와라 하시더라구요.... 근데 그때 병원에서왜 하루가걸리는지..설명은 못들어서 ... 제가 묻고싶은건1) MRI 찍고 허리신경주사를 맞는다고했을때, 하루정도 시간을 비워야하는 이유?..시간소요?..   병원에서 하루정도 시간비워라고하시는이유를.. 좀알려주세요..제회사근무시간은 9시~18시입니다..2) 저는..그래도 잘한다하는 병원가서 하고싶은건데.. 만일 사장님이 절대안된다할경우..   9시에가서 11시이전에 끝날수도있나요? MRI이랑 주사..이런것들이..좀알려주세요 ..ㅠㅠ 일을 그만둘순없고 ..참 답답하네요 .....","1.2.3. 허리디스크 MRI찍는데 30분, 허리디스크 신경주사맞는데 1분이나예약을 해도 대기시간를 고려하면 2시간정도 소요됩니다만,허리디스크 시술류는 부작용, 후유증이 많아 이미 폐기된 치료법이고, 허리디스크 수술은 또 다른 허리디스크 시.수술을 부름으로 아예 처음부터 양방이든  한방이든 허리디스크에 손대지 않는 것이 허리디스크 완치의 첫 걸음이고, 대신, 아래를 참조해 허리디스크 재활관리하면 허리디스크가 더 빨리자연치유.생활완치됩니다.<허리디스크 자연치유.생활완치법 요약>허리디스크에 좋은 음식인 단백질이 많은 붉은 소고기를 육포.수육, 저염식장조림 형태로 매일 100g 정도 드시는 것이 좋습니다. 또,미국 전문 RX신발 ㅈㅋ*(세계적인 명의 중 명의)을 질환, 체중, 직업, 척추.골반.다리.걸음교정상태 등에 맞게 맞춤조정해 신으면,척추.골반불균형과 다리.걸음걸이가 생활속에서 교정되고 몸무게가 반으로줄여드는 효과와 같은 척추충격을 50% 덜해줘 걷기가 매우 편하고 더 멀리걸을 수 있으며 에어신발에 비해 척추.하체근육 펌핑운동이 10배 이상 되어혈액.림프순환을 원활하게 하여 혈액림프속 진통소염제가 허리디스크 자가치료>자연치유>생활완치 여건을 만들어 줘 허리디스크가 더 빨리 자연치유생활완치됩니다.미국의료보험이 되고 미국의료진들이 신고 미국의사들이 허리디스크 재활.치료에 처방하는 전문 RX신발 ㅈ**을 맞춤조정해 신고 일상.직장생활하고,허리디스크재활운동은 허리디스크 환자용으로 특화된 RX반동.RX런지.RX철봉, RX스쿼트, RX만세, 오르막 RX걷기(런닝머신 오르막 RX걷기)하시면일, 걷기도 편하고 척추.하체근육도 강화되고 허리디스크에 무리주지 않고살도 잘 빠지고 허리디스크도 더 빨리 자연치유.생활완치됩니다.(미국 전문  RX신발 ㅈㅋ* 20년 마니어인 구글회장님 감사 사인)용어 : RX신발이란?직업, 체중, 질환, 척추측만.자세, 골반상태.다리길이차.무릎.발목각도.걸음걸이, 평발여부, 발 모양에 따라 손쉽게 개인별 맞춤교정하는 전문신발이며(정형외과 맞춤깔창 기본 장착), 미국의사들이 발, 발목, 다리, 무릎, 고관절.허리보호.예방, 재활.교정.치료에 처방하는 신발을 통칭함. 즉, 운동할 때엔운동화신고 등산할 때는 등산화신는 것과 마찬가지로 질환이 있거나, 교정.예방.재활할 때 신는 신발이 RX신발임.    ↓↓ 참고 : 미국의사가 허리디스크에 처방하는 최신 재활.치료법(RX신발)↓↓ 보기 : 실제 허리디스크 있는 분들 재활치료후기.치료성공담(RX신발)"
"허리디스크 MRI 및 신경주사,시술 관련 문의드려요!","제가 한 일년정도넘기도 했지만 .. 작년12월부터인가 .. 조금만 앉아있어도발끝이 저려오고 허리가 아프고 너무 힘들어서 병원을 다니기 시작했는데 ..그렇게 치료하다가 중간에 잠시 괜찮다가 다시 또 .. 시작되는바람에이번엔 조금 큰병원가서 CT를 찍었는데 4,5번 신경이 많이 튀어나왔다 하시면서디스크가맞다고 근데 아직 수술을 권하지않는다고 젊어서 어쩌구어쩌구.. 더자세히 하시려면 MRI 찍고 신경주사나 시술이나 그러시던데 주말엔 아무래도 힘들어서 평일에 시간을 내라고하셨는데 ..MRI하고 뭐 신경주사를 만약 한다해도 하루정도는 시간을 내야한다하시더라구요..제가 직장인이라 ..사장님께 허리디스크가 심해져서 하루빠져야할것같다고 .. MRI찍고 신경주사나시술을해야한다 이렇게 말씀드리니깐... MRI찍고 주사나 시술하는데 뭐 하루냐고오전에 다끝내고 오후에 들어와라 하시더라구요.... 근데 그때 병원에서왜 하루가걸리는지..설명은 못들어서 ... 제가 묻고싶은건1) MRI 찍고 허리신경주사를 맞는다고했을때, 하루정도 시간을 비워야하는 이유?..시간소요?..   병원에서 하루정도 시간비워라고하시는이유를.. 좀알려주세요..제회사근무시간은 9시~18시입니다..2) 저는..그래도 잘한다하는 병원가서 하고싶은건데.. 만일 사장님이 절대안된다할경우..   9시에가서 11시이전에 끝날수도있나요? MRI이랑 주사..이런것들이..좀알려주세요 ..ㅠㅠ 일을 그만둘순없고 ..참 답답하네요 .....","1) MRI 찍고 허리신경주사를 맞는다고했을때, 하루정도 시간을 비워야하는 이유?..시간소요?..   병원에서 하루정도 시간비워라고하시는이유를.. 좀알려주세요..제회사근무시간은 9시~18시입니다..->MRI찍는데는 그리 오래 안걸리지만 일단 접수를 하다보면 기다리는 시간도 있고...등등 암튼 하루정도는 휴가를 쓰셔야 할겁니다.2) 저는..그래도 잘한다하는 병원가서 하고싶은건데.. 만일 사장님이 절대안된다할경우..   9시에가서 11시이전에 끝날수도있나요? MRI이랑 주사..이런것들이..->잘한다는 병원가면 큰병원으로 가세요 동네 척추전문병원 이런데 가지 마세요 시술 권할겁니다.그리고 휴가를 내세요...허리는 방법이 없어요...휴가를 내셔야 해요"
"허리디스크 MRI 및 신경주사,시술 관련 문의드려요!","제가 한 일년정도넘기도 했지만 .. 작년12월부터인가 .. 조금만 앉아있어도발끝이 저려오고 허리가 아프고 너무 힘들어서 병원을 다니기 시작했는데 ..그렇게 치료하다가 중간에 잠시 괜찮다가 다시 또 .. 시작되는바람에이번엔 조금 큰병원가서 CT를 찍었는데 4,5번 신경이 많이 튀어나왔다 하시면서디스크가맞다고 근데 아직 수술을 권하지않는다고 젊어서 어쩌구어쩌구.. 더자세히 하시려면 MRI 찍고 신경주사나 시술이나 그러시던데 주말엔 아무래도 힘들어서 평일에 시간을 내라고하셨는데 ..MRI하고 뭐 신경주사를 만약 한다해도 하루정도는 시간을 내야한다하시더라구요..제가 직장인이라 ..사장님께 허리디스크가 심해져서 하루빠져야할것같다고 .. MRI찍고 신경주사나시술을해야한다 이렇게 말씀드리니깐... MRI찍고 주사나 시술하는데 뭐 하루냐고오전에 다끝내고 오후에 들어와라 하시더라구요.... 근데 그때 병원에서왜 하루가걸리는지..설명은 못들어서 ... 제가 묻고싶은건1) MRI 찍고 허리신경주사를 맞는다고했을때, 하루정도 시간을 비워야하는 이유?..시간소요?..   병원에서 하루정도 시간비워라고하시는이유를.. 좀알려주세요..제회사근무시간은 9시~18시입니다..2) 저는..그래도 잘한다하는 병원가서 하고싶은건데.. 만일 사장님이 절대안된다할경우..   9시에가서 11시이전에 끝날수도있나요? MRI이랑 주사..이런것들이..좀알려주세요 ..ㅠㅠ 일을 그만둘순없고 ..참 답답하네요 .....","질문 내공50허리디스크 MRI 및 신경주사,시술 관련 문의드려요!제가 한 일년정도넘기도 했지만 .. 작년12월부터인가 .. 조금만 앉아있어도발끝이 저려오고 허리가 아프고 너무 힘들어서 병원을 다니기 시작했는데 ..그렇게 치료하다가 중간에 잠시 괜찮다가 다시 또 .. 시작되는바람에이번엔 조금 큰병원가서 CT를 찍었는데 4,5번 신경이 많이 튀어나왔다 하시면서디스크가맞다고 근데 아직 수술을 권하지않는다고 젊어서 어쩌구어쩌구.. 더자세히 하시려면 MRI 찍고 신경주사나 시술이나 그러시던데 주말엔 아무래도 힘들어서 평일에 시간을 내라고하셨는데 ..MRI하고 뭐 신경주사를 만약 한다해도 하루정도는 시간을 내야한다하시더라구요..제가 직장인이라 ..사장님께 허리디스크가 심해져서 하루빠져야할것같다고 .. MRI찍고 신경주사나시술을해야한다 이렇게 말씀드리니깐... MRI찍고 주사나 시술하는데 뭐 하루냐고오전에 다끝내고 오후에 들어와라 하시더라구요.... 근데 그때 병원에서왜 하루가걸리는지..설명은 못들어서 ... 제가 묻고싶은건1) MRI 찍고 허리신경주사를 맞는다고했을때, 하루정도 시간을 비워야하는 이유?..시간소요?..   병원에서 하루정도 시간비워라고하시는이유를.. 좀알려주세요..제회사근무시간은 9시~18시입니다..2) 저는..그래도 잘한다하는 병원가서 하고싶은건데.. 만일 사장님이 절대안된다할경우..   9시에가서 11시이전에 끝날수도있나요? MRI이랑 주사..이런것들이..좀알려주세요 ..ㅠㅠ 일을 그만둘순없고 ..참 답답하네요 .....답글입니다. 상태가 좀 심하더라도 스스로 회복시키는 치료법의 사례들 참고하세요.척추측만증 허리디스크 목디스크 가벼운 환자도 수술 진단 환자도,모든 치료 중단하고 수술도 하지 않고 한꺼번에 스스로 회복 시켜 버리는 사례글 아이피 주소가 노출된  사례글들을 알려드립니다.수술 허리디스크 표준 베개 아이피 사례 ☜..우클릭 새창보기      수술 목디스크 표준 베개 아이피 사례 ☜..우클릭 새창보기   수술 척추측만증 표준 베개 아이피 사례 ☜..우클릭 새창보기  다리 허벅지 엉덩이 무릎 종아리 발목 발바닥 발가락 허리통증 저림 근력약화 등은 허리디스크 이거나 요추염좌 이거나, 이들 중에서 허리통증은 내부 장기에 문제이거나,  척추가 비틀린 상황으로 디스크나 인대 근육으로 신경이 눌리는 것에 의한 통증이거나,신경이 눌린 내부 장기들의 부조화로 인한 증상 통증입니다.아주 흔한 원인은 척추골격(두개골 목뼈 등뼈 허리뼈 골반) 정렬이 바르지 못한 경우입니다.무리한 일이나 운동이나 사고 등의 충격으로 손상되거나자세가 바르지 못해도 디스크 변형 손상이 발생되는 것인데특히 자면서 아픈 경우는자면서 병을 만드는 흉기베개증후군 흉기침대증후군 이라고 합니다.이런 경우는병원치료 반복하며 재발이 반복 누적되면 누적되면 마약성 진통제에도 회복이 쉽지 않습니다.그런 경우 호소하신 모든 증상들은 의사가 고칠 수 있는 병이 아닙니다.일자목 역커브목 거북목 경추 척추측만증 목디스크 허리디스크 등에 해당되는 증상들은.효과 부족한 모든 치료 중단하고...밤에도 낮에도 스스로 안 아프게 계속 유지하면서며칠이나 2~3주 지나면 스스로 회복되는 것입니다. 시술 또는 수술이 거론된 환자라도효과없던 모든 치료 중단 또는 생략하고시술도 재시술도 하지않고수술이나 재수술도 하지 않고수술회복보다 더 빠르고 완벽하게 스스로 회복시키는 사례들 알려드립니다. 척추측만증 과 염좌 및 목디스크 허리디스크 일자목 일자허리 퇴행성 협착 추간판 탈출  추간판 파열이 된 상황이라도 쉽게 스스로 회복됩니다.병원을 꾸준히 다녀도 회복되지 못한 경우가 관찰 되는데회복을 안 시켜준 것인지 회복을 못시키는 것인지 모르지만대부분 치료를 해도 일시적인 회복 뿐이고 세월이 지나면서  점점 더 악화되는 상황이 관찰됩니다.단 며칠 또는 몇 주면 스스로 회복시킬 수 있음에도결국 수술까지 몰려가는 상황이 많이 관찰됩니다.수술 후에도 회복 불가능하게 된 사례들도 많이 봅니다.수술 거론된 환자들 5천 여 명 중에 수술한 환자가 10명 미만인 자가교정치료법을 알려드립니다. 환자들이 스스로 통증이 줄어들거나 사라지게 하는 성공률 99.99%의 자가교정치료법 알려드립니다.10년 20년을 재발되지않게 스스로 유지하고 있는 자가교정치료법 알려드립니다.목디스크 허리디스크를 포함한 척추질환은두개골, 목뼈, 등뼈, 허리뼈, 골반 중에 일부 또는 전부가 꼬이고,좌우 비대칭, 전후 비정상 곡선으로 휘어진 경우입니다.척추 정렬이 비틀려 신경흐름에 방해를 받는 경우입니다.두개골과 목뼈 정렬이 바르지 못한 경우는 목근육, 뒷목, 어깨, 겨드랑이, 팔꿈치, 팔, 손가락, 저림 통증, 두통, 안구건조증, 안구통, 시력장애, 이명증, 청력이상, 난청, 만성 비염, 어지럼증, 공황장애, 우을증, 불면증, 조울증, 눈코 알레르기, 원인불명 식도 이물감, 기관지 이물감, 마른기침, 잦은 감기, 갑상선 기능 이상 등이 발생되고, 목뼈 정렬이 바르지 못하거나 목 부분의 근육 인대 혈관 신경흐름에 이상이 발생된 경우가 대부분이고,  등뼈가 비틀린 경우 호흡곤란 심장 부정맥 빈맥 서맥, 식도염, 위염, 소화기능, 간기능, 췌장 기능 저하, 상복부 위치의 심장 식도 위 폐 부신 비장 간 담낭 담도 소장 등에 이상이 발견되는 경우는 등줄기뼈(흉추)가 한쪽으로 휘어진 척추측만증인 상황이 대부분입니다.이런 경우 경추부와 요추 정렬까지 비정상적인 상황으로 휘어지는 것입니다. 흔한 다리 허리 통증(요통)은허리부분에 척추 추간판(디스크) 인대 근육 혈관 신경 골격 이상이 있거나 하복부에 위치한 요관 신장 대장 자궁 난소 난관 등의 장기들도 허리 통증 원인이 됩니다.  장기들이 망가지는 것도 자세 습관 불량에 의한 장기간 장기 신경흐름 이상에 의한 것입니다. 호소하신 증상들은 척추와 관련해서 추정하면일을 무리해서 했거나, 운동을 잘못하거나,폭행이나 추락 사고 충돌 충격 등으로 신체가 손상된 경우도 있지만 .  대부분은 잠자는 상황과 생활 습관과 생활 동작 자세들이 잘못된 경우랍니다.낮에 저리거나 시리거나 아픈 것을 스스로 안 아프게 만들지 못하는 것은,스스로 병을 만드는 것을 방치하는 것이고,자면서 자고나서 아픈 상황도 스스로 병을 만드는 것입니다.이런 경우는 의사들이 고칠 수 있는 병들이 아닙니다.밤 낮으로 스스로 안 아프게 만들고 안 아프게 유지하는 것이 완치수준 유지라고 합니다.  두통이나 어지럼증 시력장애 안구건조증 안구통 충혈  턱관절 뒷목 뒷머리 목 어깨 통증 저림 결림 등의 증상들은아주 간혹 뇌나 두개골에 이상이 있는 경우도 있지만,대부분은 목뼈 정렬이 바르지 못한 경우입니다.팔 팔쿰치 손목 손가락 통증 저림은 주로 목디스크 일자목 외에 흉곽출구증후군 경늑골증후군 등이 있고  어깨는 어깨활액낭이나 견관절 이상이 생겼거나, 근육 인대에 손상인 경우이며,팔꿈치 아래는 척골충돌증후군, 손목 아래만은 수근관 이상 등도 원인이 됩니다. 허리 엉덩이 골반 다리 허벅지 무릎 종아리 발목 발바닥 발가락 저림 통증은주로 허리디스크 외에 일자허리 요추염좌 등이 원인이 되고,엉덩이 허벅지 사타구니는 천장관절증후군 등이 있는 경우입니다.자면서 스스로 회복시키는 상황과낮에 스스로 회복시키는 상황을 만들면 며칠 이내에 회복됩니다.가벼운 환자는 며칠만에 빠르면 첫날부터 싹 해소되기도 합니다.수술 거론된 중증 환자들도 모든 치료 중단하고서도 몇 주 이내에 스스로 회복이 됩니다.수술 시술 진단 디스크 환자들이 시술 수술하지 않고 실패가 거의 없이 스스로 회복시킨 사례들  ​ 목디스크 수술 표준베개 아이피사례 ☜ 클릭  ​목디스크 시술 표준베개 아이피사례 ☜ 클릭   허리디스크 수술 표준베개 아이피사례 ☜ 클릭  허리 시술 표준베개 아이피사례 ☜ 클릭  실패가 거의 없는 그런 사례들을 찾아 살펴야 합니다.척추측만증 표준베개 아이피사례 ☜ 클릭척추측만증이 있는 경우는,경추에 c자 커브가 소실되거나 심한 경우,등이 너무 편평하거나 굽은 경우,목뼈 등뼈 허리뼈 골방이 한쪽으로 휘어진 경우,한쪽 어깨가 쳐진 경우,안면비대칭인 경우,인중이 휘어졌거나 한쪽 입꼬리가 올라간 경우,다리 길이가 동일하지 않은 경우,엉덩이가 좌우 비대칭이거나 너무 쳐지거나 뒤로 빠진 경우,호소하신  증상들이 흔하게 발현 됩니다.무릎 높이, 골반 높이가 다른 경우질문자 특징은 피부는 얇고 부드러운 편입니다. 모공도 작고 동안 피부지요. 신체의 유연성도 좋습니다. 윗몸 앞으로 굽히기 남들보다 더 잘됩니다.허리에서 더 오목 들어간 곳이 우측:직접 사진 (좌측: 거울 사진)이면,우측(좌측) 어깨가 반대보다 더 높고 가슴 심장이 두근 거림 증상이 자주 나타나고,은근한 소화기능에 이상이 있는데 특히 위장 식도에 기능에 이상이 가볍게 오래전부터 있었습니다.거울 보면서 김치...하면 우측(좌측)한쪽 입꼬리가 더 올라갑니다. (좌측)은 (좌측)으로 우측은 우측으로 연결해서 읽으세요의자에 걸터 앉아서 무릎 높이를 보면, 우측(좌측)이 더 높은 비대칭 짝다리, 척추측만증입니다.목디스크도 허리디스크도 병행되어 진행된 상황이 대부분입니다.혹시 밤에만, 눕거나, 잘 때, 자고 나서 아픈 경우는, 어떤 의사 선생님께서도 절대로 못 고칩니다.밤에 더 아프고 낮에 덜 아픈 경우도 동일합니다.병원에서는 치료 받으면 안 아픈데,약효 다 되서 시간 지나서 다시 아픈 것이 반복되는 환자도  어떤 의사도 절대 못고칩니다.점점 더 악화됩니다. 결국 최악의 상황으로 진행됩니다.모든 치료 과정들이 도리어 회복을 훼방하는 것들이 되기도 합니다.대부분이 그래요.베개 부터서 최우선으로 점검하세요.   건강을 염려하면서 베개에 관심 있는 경우다양한 증상 질환 통증들을 베개를 바꿔서 한꺼번에 해결한 많은 사례들,가장 빠르고 완벽하고 쉽고 안전하고 저렴한 회복 방법의 사례들을 알려드립니다.잘 때 아무리 편안한 베개라고 하다고 해도,잘 때 자고 나서 질병들 통증들을 완벽하게 회복을 시키지 못하는 베개는 흉기가 됩니다.완벽하지 못한 베개는 1,300가지 명칭에 해당된 질환 통증을 더 만들거나 악화시킵니다.낮에 병원 의존하여 회복시키게 만들고,   자면서 스스로 또 다시 악화시키는 것입니다.평생 그렇게 반복하게 만들기도 합니다.완벽한 베개는 1,300가지 명칭의 질병 통증들이 어떤 종류가 복합된 상황이라도 한꺼번에 스스로 회복시키는 작용을 합니다.  시술 수술 기타 다양한 주사 치료를 하기 전에 지금 사용하던 베개부터 바꾸세요.수 천 건의 아이피 주소 노출된  사례 글들이 있는 완벽한 조절 표준 베개 확인하세요.호소하신 증상은 일자목 목디스크 허리디스크 천장관절 비대칭골반 척추측만증에 의한,비틀린 근육 인대 디스크의 신경 자극으로 장기들에 이상 기능 및 증상 통증으로 의심 합니다.    빠른 바른 안전한 저렴한 완벽한 회복 및 재발 예방도 완벽하게 유지 되는,비시술 비수술 회복을 원한다면,가벼운 환자도 최악의 환자들도 쉽게 회복된 사례들을 살펴야 합니다.   시술이나 수술에도 회복 실패한 환자들이수술이나 시술 권유 받은 목 허리 디스크 환자 척추측만증 환자들이시술이나 수술 하지 않고모든 치료도 중단하고 더 빠르게 더 완벽하게 더 안전하게 쉽고 저렴하게스스로 회복 시키고 스스로 재발되지 않게 유지하는 사례들 알려드립니다.아래 답글 내용은질문자께서 호소하신 증상 통증과 유사하게,힘들게 투병했던,  치료를 해도 수술을 해도 회복 못하고 살기 힘들 정도로 아팠던 환자들을 포함한,다양한 병원에서 회복시키지 못하던 수많은 환자들이 쉽게 회복된 사례들을 근거로 작성한 것입니다.340 여 가지 질환 통증들을 스스로 회복시킨 십 수 만 명의 환자들의 회복방법 사례를 근거로 작성된 것입니다.​호소하신 증상의 가장 빠르고 완벽하고 쉽고 안전하고 저렴한 회복 방법의 사례들을 알려드립니다.허리디스크나 요통(허리 통증)은 허리 부분에 있는 요추(허리뼈) 요추간판, 인대, 근육, 혈관, 척수, 신경 흐름에 이상이 있는 경우 허리통증(요통)이 나타나고,척추 정렬이 비틀린 것에 따른 신경 흐름에 의하여 기능 영향을 받는 하복부에 위치한 장기들인 소장, 직장, 대장(상행결장, 하행결장),  충수돌기, 맹장, 신장, 요관, 방광 등의 기능과 신경흐름에 이상이 있는 경우, 여성인 경우 난소 난관 자궁 등에 신경흐름과 기능 및 호르몬에 이상이 있는 경우에 요통(허리 통증)과  허리주변 통증을 호소하게 됩니다.호소하신 증상은 내부장기들의 영향을 받을 가능성 보다는요추 추간판탈출이거나 추간판협착, 추간공협착 요추부염좌 병행될 위험이 높습니다.일명 허리 디스크 라고 합니다.이런 경우 허리 뿐만 아니라 목디스크, 척추측만증, 거북목, 일자목, 역커브c자목, 경추후만, 요추과다만곡, 요추후만 증 요추무전만(일자허리) 비대칭골반 비대칭꼬리뼈(미추) 등이 병행되기도 합니다. 비틀린 골격의 위치에 따라서 1,300가지 명칭의 질환 통증 불편증상들 중에 해당된 것을 호소하게 됩니다.목디스크, 척추측만증, 거북목, 일자목, 역커브c자목, 경추후만, 경추측만증 등으로,목뼈가 바르지 않게 비틀린 경우,뇌신경에 문제가 발생되기도 하고,뇌신경에 관한 서울대학교병원의 신체기관정보 내용에 따르면,뇌신경은 총 12쌍으로 후각신경, 시각신경, 동안신경, 도르래신경, 삼차신경, 얼굴신경 등으로 나뉜다.제1뇌신경(후각신경) : 감각신경으로 냄새를 인식하는 기능을 한다.제2뇌신경(시각신경) : 감각신경으로 시각에 관여한다.제3뇌신경(눈돌림신경), 눈의 기능에 관여한다.제4뇌신경(도르래신경) 눈의 회전과 움직임을 관여한다.제6뇌신경(갓돌림신경) : 안구(눈알)의 움직임과 관련된다.제5뇌신경(삼차신경) : 얼굴, 입, 코의 점막의 감각을 담당하는 감각신경이다.제7뇌신경(얼굴신경) : 얼굴의 근육의 움직임에 관여하는 운동신경이다.제8뇌신경(속귀신경) : 몸의 균형감각과 청각에 관여한다.제9뇌신경(혀인두신경) : 목 안쪽 일반감각과 혀 뒤 1/3의 미각, 자율신경반사등에 관여한다.제10뇌신경(미주신경) : 인후두근육과 내부장기근육의 운동, 내장기관들의 자율신경반사와 관련이 있다.제11뇌신경(더부신경) : 목근육과 상부 등근육의 움직임과 연관된다.제12뇌신경(혀밑신경) : 혀의 운동신경이다. (참조 : 서울대학교병원 자료)이러한 신경계 흐름에 이상이 발생되면 상상을 초월한 다양한 명칭의 질환 증상 통증들이 병행 됩니다.척추(두개골과 목뼈 등뼈 허리뼈 골반뼈의 정렬이 비틀린 경우와 관련된 질환 증상 통증들이 회복된 사례들 아래 링크 클릭하고 내게 해당된 항목만 더 클릭하고 참고 합니다. https://blog.naver.com/kangik60/120155150942 ☜클릭다양한 발병 원인들 회복이 어려운 원인 들이 있지만거의 대부분사고에 의한 외력충격, 잘못된 자세 유지 방법, 잘못된 운동 방법, 잘못된 잠자는 환경 등이 된 경우 흔하게 발병됩니다.손, 팔, 발, 다리, 골격 및 두개골에서 골반 미골까지 연결되는 척추 정렬이 잘못되면,척추 및 골격이 비틀린 위치에 따라 1,300가지 명칭의 다양한 질병 통증이 복합적으로 나타납니다.​호소하신 증상들은 1300가지 중에 일부에 속하는 것입니다.​편안하게 자면서 스스로 교정되는 잠자는 환경과낮에는 자기 근육으로 비틀린 척추를 아프지 않게 교정유지방법 배우시면 됩니다.여러 전문병원 한방병원 한의원 등의 다양한 치료에도 회복 못하거나 잦은 재발을 한다면,가벼운 환자도쉽게 회복 못하는 난치성 환자도원인 불분명 환자도척추 관련 수술 시술 실패로 통증 증상이 남아 있거나 재발 되는 환자들을완벽하게 스스로 회복시킨 그런 사례들을 살펴야겠지요?빠르고, 완벽하고, 안전하게, 저렴하게회복하고,복합된 질환 증상 통증 한꺼번에 회복하고,재발없이 오래 유지하는 사례들을 알려드립니다.목디스크, 허리디스크, 척추측만증 복합 병행된 경우든지,가벼운 환자라도,수술 실패한 환자들도,이후의 회복 실패 않으려면,수술거론된 또는 수술 후에도 회복이 완벽하지 못한 최악의 환자들조차 밤 낮으로 자면서 스스로 회복되고 낮에는 스스로 악화시키지 않고 유지시킨 사례들 꼭 참고해야 합니다.​가벼운 환자든지, 수술 거론된 환자든지, 수술 실패한 환자든지,​수술진단 환자들이 수술하지 않고,​그동안 효과없었던 모든 치료도 중단하고,​빠르게 완벽하게 안전하게 저렴하게 스스로 회복시킨 사례들 살피세요.​지난 20 여 년 동안, 1999년부터  8만 여명의 환자들 중에, 수술 권유받은 환자들 비수술 성공률 99.5%이상의 자가교정치료법 사례들 알려드립니다.일상에서 할 수 있는 밤 낮으로 구분한 척추관련질환 증상 통증들의 치료법 입니다.밤에는자면서 악화시키지 않고, 자면서 회복되는 베개모양으로 조절하여 편안한 깊은 잠을 자고,낮에는모든 일상 생활에서 스스로 악화시키지 않게 유지하는 것이 가장 완벽한 치료법입니다.밤 낮으로 스스로 회복하고 재발되지않게 유지하는 벙법을 모르면,어떤 좋은 치료에도 단 하루만에 며칠 만에 재발되는 것은 뻔한 일입니다.​가벼운 환자도 최악의 환자들이 스스로 한꺼번에 더 빠르게 완벽하게 회복시킨 사례들 먼저 살피세요​아래 자료 중에자신에게 해당 내용들만 골라서 잘 살피세요.​척추측만증 표준베개 아이피사례 ☜ 클릭  ​ 목디스크 수술 표준베개 아이피사례 ☜ 클릭  ​목디스크 시술 표준베개 아이피사례 ☜ 클릭   허리디스크 수술 표준베개 아이피사례 ☜ 클릭  허리 시술 표준베개 아이피사례 ☜ 클릭  ​ 두통 편두통 뒷머리두통 이마두통 표준베개 아이피 사례 ☜클릭  ​ 어지럼증 현기증 표준베개 아이피 사례 ☜클릭   안구건조 안구통 표준베개 아이피 사례 ☜클릭 ​  귀울림 이명증 난청 표준베개 아이피 사례 ☜클릭 ​  목 어깨 표준베개 아이피 사례 ☜클릭 ​  팔 손 손가락 표준베개 아이피 사례 ☜클릭 ​  역커브 c자목 표준베개 아이피 사례 ☜클릭  ​ 일자목 표준베개 아이피 사례 ☜클릭  ​ 척추측만증 표준베개아이피사례 ☜클릭  ​ 식도염 위염 표준베개아이피사례 ☜클릭  ​ 심장 부정맥 빈맥 서맥 표준베개아이피사례 ☜클릭  ​ 퇴행성 디스크 표준베개아이피사례 ☜클릭  ​ 협착 디스크 표준베개아이피사례 ☜클릭 ​  골반 엉덩이  미추 표준베개 아이피 사례 ☜클릭  ​ 생리통 생리불순 표준베개 아이피 사례 ☜클릭   소변 표준베개 아이피 사례 ☜클릭  ​ 정력감퇴 표준베개 아이피 사례 ☜클릭  ​ 발 다리 표준베개 아이피사례 ☜클릭   허벅지  표준베개 아이피사례 ☜클릭   무기력 표준베개 아이피 사례 ☜클릭 ​ 만성피로 표준베개 아이피 사례 ☜클릭  ​ 호흡곤란 수면무호흡증 혀감각 무딤 표준베개 아이피 사례☜클릭  ​ 코골이 표준베개 아이피 사례☜클릭  ​ 이갈이 (알치증) 턱관절 표준베개 아이피 사례 ☜클릭​모든 병은 원인을 해소 제거하고, 병든 몸이 스스로 회복시키는 작용을 해야합니다.​외력교정치료, 신경 차단 주사, 시술, 수술, 재수술 등이 근본 원인 해결책이 아닙니다.​시술 수술진단 권유받은 환자도,그동안 효과 부족한 모든 치료 중단하고,시술이나 수술 않고 완벽에 가깝게 빠르고 안전하게 스스로 회복시킨 사례들 알려드립니다.​호소하신 모든 증상들을 한꺼번에 빠르게 저렴하게 안전하게 스스로 회복시키고 유지시키는 사례들,평생 다시는 병원에 가지 않고 유지할 수 있는 가장 저렴한 방법입니다.​십 수 만 명의 척추 질환을 회복시켜본 경험의 결론은스스로 자가근육으로 교정 회복하며 교정되는 침상에서 교정유지하는것 방법이가장 완벽하게 교정 회복되고 가장 오래 유지되고 안전한 방법이 됩니다. 두개골 척추(경추 흉추 요추 미골 골반) 정렬 관련 질병 통증 명칭 1300가지 중에 430 여 가지의 질환 통증 한꺼번에 회복시킨 사례들 ☜클릭​​잠도 잘 자게 하면서,목디스크 허리디스크 척추측만증도 자면서 교정 회복되게 했던 사례 글들을 찾으세요.1300가지 이상의 명칭들의 질환 통증 불편증상들을 완벽에 가깝게 회복된 사례들을 찾아 살피세요.​어떤 것이라고 이 글에 상호명칭 표현을 하지 못하는 이유는 상업적 홍보성 글로 신고되기 때문입니다.​알려드릴 사실은 국민 건강에 매우 중요한 정보성 내용인데 말입니다.회복된 사례글들 읽다보면 무엇인지 답이 보여요​완벽에 가깝게 스스로 회복시키고, 회복된 상태를 계속 유지하는 방법 터득하시면 됩니다.길게 걸리지 않아요 단 며칠에서 몇 주면 됩니다.운동이 좋다는 말들을 하는데,최고의 운동 치료 전문가는 통증들을 즉시 최소화시키거나 사라지게하는 운동이나 체조법 스트레칭을 전화 통화만으로도 정확히 알려줄 수 있어요.​모든 운동은 질환 증상이 비슷해도 발병상황의 차이에 따라 완벽하게 서로 다른 운동을 해야 하는 경우가 대부분입니다. 이런 상황에서 정확하게 세부적인 것을 글로서 알려드리는 것은 불가능합니다.​단 확실한 것은 운동을 하면서 더 회복되는 상황을 유지하라. 더 악화시키지 않아야 한다는 것입니다. 그런 사례 글들을 살펴야 합니다.​호소하신 목 허리 디스크 팽륜 탈출 파열 척추관 협착증 분리증 등에,가장 완벽한 회복방법 알려드립니다.모든 치료법에도 오랜세월 회복 못하거나 회복되지 못한 환자들이 단 며칠 만에 몇 주 만에 스스로 회복된 사례 글들을 아이피주소가 오픈된 글들이기에 경찰 검철 공정위 식약처의 조사에서도 사실로 입증한 글들을 보면 가장 완벽한 치료법이라고 증명된 방법입니다.스스로 회복시키고 유지시키는 방법 터득 하시면 쉽게 회복되고 재발도 거의 되지 않습니다.회복 후 유지하는 방법 정확히 알지 못하면 언제든 다시 재발되는 것입니다.점점 더 악화된 상황입니다.그동안 방치한 상황인지 못고쳐준 상황인지 안 고쳐준 상황인지 모르겠지만​아래 자료에 의한 회복 작용은 쉽게 단 몇 주 만에 회복되는 것입니다.시술이나 수술진단 권유 받은 환자일지라도,그동안 효과없던 모든 치료도 중단하고 수술 시술도 하지않고 스스로 회복되게 했던 사례들입니다.그런 환자들 조차도 단 며칠만에 몇 주 만에 스스로 회복시키는 시례들,수천건의 사례 글들, 실제는 십 수 만 건입니다.해외 거주하는 분이라면?브라질에서 허리 목디스크 수술진단, 2주만에 감쪽같이 치료한 표준베개 아이피 사례 ☜..클릭전국 어디든 세계 어디든 지역 상관 없는 치료 작용 되는 사례입니다.만 가지 병을 회복시키는 운동 스트레칭, 병을 더 만들거나 악화시키는 운동 스트레칭,그 방법의 차이는 매우 작은 차이입니다.​병원에서도 회복시키지 못하는 환자들을, 환자 스스로 회복시키는 침상환자들을 더 환자로 만드는 침상(베개 침대)호소하신 병증들을 빠르게 완벽하게 저렴하게 안전하게 재발없이 회복 유지 시키려면운동 체조 스트레칭 침상(베개)에 관한 다음 자료 잘 살피세요.목디스크 허리디스크와 척추측만증 등의 척추 및 골격 정렬이상에 의한 신경이상에 의한 경우,반드시 최우선으로 해야 하는 치료법입니다.​질환 통증 불편증상 1,300가지 이상의 명칭들을 스스로 회복시켜 해소하는 치료법입니다.​침상 조절 안정 치료-침상안정치료베개 침대 매트리스 조절기능 필수,누워서 덜 아프거나 안 아픈 상황이 되도록 베개나 침대를 조절하는 치료법,가장 빠르고 완벽하고 저렴하고 안전하고 부작용 없는 필수 치료법입니다.​침상 조절 체형 교정 치료-침상교정치료베개 침대 매트리스의 조절기능 및 조절단계 표준화 표시 필수침상 조절 안정 치료에 의하여 안 아픈 상태에 도달하면,재발되지 않는 정상 체형이 되도록, 사용자의 체형을 고려한,표준침상이 되도록 베개 침대를 조절하여 체형교정을 유도하는 치료법완치 수준을 스스로 계속 유지하는 치료법입니다.​세계30개 국가의 특허를 받은 기술입니다.모든 치료 중단하고 스스로 회복되게 하는 기적 같다는 효과사례들을 만들어낸 치료법입니다.윗 내용이 선행되지 못하면 평생 치료해도 회복되지 못하거나 점점 더 악화되기도 합니다.조절되지 못하는 베개는 흉기 베개가 됩니다.조절이 되는 기능은 있어서 조금 더 편하게 되도 흉기되는 경우는,조절 단계마다 표준화 되지 못한 베개는 완벽한 회복도 못하고 재발 방지도 못하는 것입니다.조금 더 편한 베개지만 완벽하게 회복시키지 못하는것 또한 더 오랜 세월 흉기 베개가 됩니다.​디스크 탈출이나 파열된 경우, 운동, 스트레칭, 체조는 당분간 하지 말거나 정말 조심해서 합니다.빠른 회복을 위해서 베개가 가장 중요하고 다음 중요한 것은 서 있거나 걷는 자세, 앉는 자세 입니다.​제대로 서고 걷는법 제대로 앉는법 배우면 어떤 상황이라도 스스로 회복되는 작용을 합니다.​무슨 무슨 운동이 좋다고 쉽게들 말하는데모든 운동은 무리가 될 위험이 있습니다.​인터넷으로 완벽한 운동을 질문에 답할 수 있는 운동 방법은 거의 없습니다.스스로 무리 되지 않는 회복되는 방법을 터득하거나 전문가에게 끝까지 제대로 배워야 합니다.​온세상의 모든 의사들과 약물들 치료사들 좋다는 운동법 등을 통털어 비교해도월등하게 완벽한 치료 회복 시스템은 스스로 회복되는 것을 훼방하지 않는 것입니다.목디스크는 허리디스크 를 포함 1,300 가지 질병 통증들 또한 베개가 대부분 큰 문제입니다.​베개가 잘못된 허리디스크 목디스크를 포함한 1300 가지 명칭의 질병 통증들은,,베개를 바꾸지 않으면 다양한 어떤 치료들을 아무리 오래 해도 못고칩니다.​좋은 베개를 사용하여 수술진단 환자들도 수술하지 않고 회복되게 만드는 베개를 찾아야 합니다.​수 천 명의 수술진단 환자들 중에 몇 명을 제외한 모든 수술 진단 환자들이,모든 치료 중단하고 수술하지 않고 편안하게 자면서 낮에도 스스로 회복되는 기적 같다는 사례들을 찾아야 합니다.거의 대부분은 수술한 환자들보다 더 완벽하고 더 빠르게 회복되고 재발되지 않게 회복되는 사례들을 찾아 살펴야 합니다.일자목 거북목 목디스크 허리디스크 척추측만증 일자허리 및 척추 관련 다양한 내과 질환들 이비인후과 신경과 비뇨기과 산부인과 정형외과 안과 치과 등에 관련된 모든 신경계 질환들이 한꺼번에 회복되는 사례들을 살펴야 합니다.​모든 치료를 중단하고서 베개만으로 스스로 완벽한 회복이 되어야 합니다.조금 편한 정도가 아닌 완벽하게 완치수준에 도달하는 상황이 만들어지는 베개를 찾아야 합니다.첫 날 부터 눕자마자 덜 아프거나 안 아픈 상황이 만들어지는 조절 표준 베개를 찾아야 합니다.​베개를 조절하여 덜 아프거나 안 아프면 완벽한 재발 방지까지 되게하는 체형 교정까지 마무리 되도록 체형을 교정하는 베개 조절 순서에 따라 표준베개모양으로 조절하면서 체형이 완벽하게 교정까지 되는 작용이 되어야 합니다.​베개가 잘못되면,허리디스크 목디스크를 포함한 1천3백 가지 질병 명칭들 중에 몇 가지 또는 수 십 가지를 질병 통증들이 한꺼번에 또는 순차적으로 발병되거나 더 악화시키거나, 돌연사도 하게 하는 흉기 지옥베개가 됩니다.​제대로 되면 수 십 가지 질병들 통증들 불편증상들 난치성 질병들조차도 한꺼번에 스스로 회복되는 편안한 잠 자게 하는 것이 베개의 역할입니다.​그런 상황을 결정하는체형맞춤조절 표준베개 ☜클릭    짝퉁 표준베개 ☜ 클릭​각각 검색하세요.​질환 통증 불편 증상들이 쉽게 해소된 사례 글의 신빙성에 대하여,오래 전부터 서슬 퍼런 정부 기관들,경찰, 검찰, 공정위, 식약처, 각각의 기관들마다 사례 글들의 사실 여부를 조사 했었고,그 사례 글들은 모두 사실인 사례 글들로 밝혀진 것들입니다.이보다 더 신빙성에 대하여 충족시킬 방법 더 또 있을까요?대부분은 여러 사연으로 아이피주소를 쉽게 오픈하지 못합니다.아이피 사례 글들은 99.99% 믿어도 됩니다.​잘못된 베개가 만드는 1,300가지 명칭의 질환 통증들은,완벽한 베개로 바꾸지 않으면,약물 주사 등 어떤 치료에도 재발 없는 회복 불가능하고,​어떤 의사 한의사의 치료, 물리치료, 교정치료, 운동치료... 무엇이든 아무리 잘해도단 하룻밤만 지나면 다시 재발되는 것입니다.그래서 완벽한 베개는,의사들이 10년 20년 30년을 치료 반복해도 못 고치던 환자들이 첫날부터 회복되고,그동안 효과없던 모든 치료들을 중단하고,완벽한 베개로 바꾸고 자면서 스스로 한꺼번에 회복시키고 악화되는 것을 방지하며,수술진단 또는 재수술진단 환자들도 조차 더 이상 수술도 어떤 치료도 더 이상 하지 않고 스스로 회복되고 유지되는 편안한 잠을 자게 하는 것입니다.베개가 지옥과 천국 결정을 하고 인생도 바꿔버립니다.통증 고통 불편함의 지옥을 탈출 하려면?지옥탈출 표준베개 ☜ 클릭   목디스크 수술 표준베개 아이피사례 ☜ 클릭  목디스크 시술표준베개 아이피사례 ☜ 클릭   허리디스크 수술 표준베개 아이피사례 ☜ 클릭   허리 시술 표준베개아이피사례 ☜ 클릭  ​  흉곽출구증후군 수술 이후 표준베개아이피사례 ☜ 클릭  ​ 흉곽출구증후군 수술 불가 표준베개아이피사례 ☜ 클릭  ​​각각 다시 검색 살피세요.​어떤 상황의 환자들이라도수술 시술 진단, 퇴행성 급성 연성 경성 만성 관계없이 모든 환자들은스스로 완벽하게 회복시키고스스로 빠르게 회복시키고스스로 재발 되지 않게 회복된 상황을 오래 유지하는 방법들을 찾아야 합니다.일자목 목디스크 척추측만증 경추 및 요추부염좌 일자허리 허리디스크 비대칭 비틀린 골반 상황인 경우 나타날 수 있는 매우 다양한 통증 질환 증상들 중에 일부 증상들을 호소하신 것입니다.​수술 진단 환자 조차도 그동안 효과 없던 모든 치료 중단하고치료를 했어도 그동안 점점 더 악화시켰던 모든 치료들 중단하고​모든 치료 중단하고 수술을 하지 않고 시술도 하지않고 스스로 회복시킨 사례들,효과 미약했던 모든 약물들 주사나 약물 복용도 중단하고 스스로 회복시킨 사례들​수많은 여러 치료에도 차도 없어 회복 포기했던 사람들이도첫날부터 적용하자마자 즉시 통증들이 줄어들거나 사라지게 했던 사례들​더 빠르고 더 완벽하고 더 쉽고 저렴하게 스스로 회복시킨 사례들.아이피주소가 오픈된 회복치유체험 사례들경찰 검찰 공정위 식약처에서 사실 여부 조사하고 모두 사실임을 보증해준 회복 사례들의 내용들을 살피도록 안내합니다.척추 및 골격 정렬에 관련된 1,300가지 명칭의 통증 증상 질환들을잠 자면서 스스로 회복시키고,낮에 스트레칭 체조운동 자기 근육으로 자세를 교정 유지하여 스스로 회복시키고재발되지 않게 유지되는 사례들 보여드립니다.​​ 짝퉁들의 부작용도 살피고,  도리어 흉기가 되어버린 사례들도 살피세요. ☜...(우클릭 새창열기)​추가 자료 답글입니다.쉽고 빠르게 완벽하게 스스로 회복시킨 사례들을 찾아 살피세요.​수술 후에도 잡히지 않는 통증들을 쉽게 해소시킨 사례들 아래 자료 잘 살피세요수술진단 환자들도 수술을 하지않고 스스로 쉽게 회복시킨 사례들을 살피세요오랜 병원 치료에도 완벽하게 회복되지못하고 재발되던 환자들이 스스로 회복시킨 사례들을 살피세요.스스로 악화시키지 않는 방법을 알지 못하면스스로 회복시키는 방법을 알지 못하면평생동안 어떤 치료를 해도 완벽한 회복이 불가능한 것이 척추관련 질환들입니다.가벼운 환자도 중증환자도 꼭 살펴야 하는 것은수술진단 환자가 수술을 하지 않고 스스로 쉽고 빠르게 회복된 사례들을 찾아 살피는 것이가장 확실한 치료방법을 찾는 것입니다.​수술 허리디스크 표준베개 사례 ☜...  수술 목디스크 표준 베개 사례 ☜..수술 외에는 방법이 없다는 퇴행성 협착 디스크도 치료된 사례들퇴행성 허리디스크 수술 표준베개 사례 ☜..  ​ 퇴행성 목디스크 수술 표준베개 사례 ☜..  ​ 경추 협착 수술 진단 표준베개 사례 ☜..  ​ 요추 허리디스크 협착 수술진단 표준베개 사례 ☜..​대부분의 치료법들이 회복에 도움을 주지만간혹 어떤 치료법들은 부작용도 있고치료하는 과정에서 더 악화되게 하는 치료법들도 많습니다.​두개골 척추(목뼈 등뼈 허리뼈) 골반까지의 정렬에 관련된 의 완벽한 회복의 기본은침상안정교정, 자세교정, 운동처방, 적절한 치료, 충분한 영양이것이 모두 충족되지 못하는 경우어느 한가지라도 부족한 경우는평생 치료해도 절대 회복되지 못하는 것입니다.​목뼈 등뼈 허리뼈 골반을 포함한 척추들의 정렬이 바르지 못하여디스크의 팽창(벌징) 변형 파열 협착 퇴행화로 인하여 신경이 자극되는 진단을 받은 원인은목디스크를 유발시키고 스스로 치유되는 것을 방해하는가장 근본적인 발병 요인들을 해소해 주지 못했기 때문입니다.​어떤 치료를 하더라도스스로 회복되어 치료되게 도와주지는 못하더라도악화되게 하는 모든 요인들을 제거하는 것이 가장 우선해야 하는 치료법입니다.​우선은 증상이 더 심해지지 않게 하는 것이 가장 중요하고 필요합니다.​더 아파지지 않게 유지하는 안정이 최우선입니다.​아프지 않게 유지하는것덜 아프게 유지하는 것을 안정치료 라고합니다.잠자면서 아침까지 아프지 않게 유지하는 것은 침상안정치료낮에 생활하면서 아프지 않게 유지하는 것은 자세안정치료반드시 해야 하는 최우선 조치사항입니다.​그 방법을 정확히 알면 스스로 쉽게 회복됩니다.잠자면서 비틀린 척추 변형된 디스크를 더 바르게 해주는 것을 침상교정치료몸의 상태와 침대상황에 따른 베개 모양과 높이를 아프지 않게 조절하면 됩니다.낮에 더 바른 척추로 교정하는 것 자세교정치료라 합니다.스트레칭 체조 운동 등을 스스로 하면서 더 바른 척추가 되도록 하는것입니다.​염증이 있다면 병원진료 후에 약물복용 주사 등의 조치를 받습니다.​침상안정교정 자세안정교정치료에도 회복되지 못한 경우는 심각한 상황으로물리치료 기타 치료들 시술이나 수술 등의 치료가 필요한 것입니다.​어떤 치료를 진행 하든지침상안정교정 자세안정교정치료는 반드시 병행되어야 합니다.척추가 나쁘면 운동을 하라고 하는데운동 체조 스트레칭은 잘하면 약이고 못하면 독입니다.​운동 하는 방법몸 동작 방법 동작 순서들을 힘의 강도조절 방향 등을 구분하면 수천만 가지가 됩니다.아프지 않게 하면서 스스로 회복되게 하면 최고의 명약이 됩니다.무작위로 알려주는 인터넷의 운동법들 함부로 따라하다가 낭패 당합니다.자신의 증상에 대해서 근본 원인을 해소하는 내용의 지도가 충분히 가능한 선생님들 찾아야 합니다.치료운동방법 치료스트레칭방법,스스로 치료되는 생활자세들 업무자세들최고의 전문가가 전화로 알려주는 운동방법 내용이라도따라하면 통증들이 즉시 줄어들거나 사라집니다.​줄어들거나 사라진 통증들이다시 늘어나지 않게 유지하는 것이 치료되는 자세안정유지인 것입니다.반대로 의미는운동 스트레칭 잘못된 방법들을 배우고 익혀서따라하다가 순식간에 디스크가 돌출되거나 파열도 되어 악화되기도 하고돌이키기 어려운 악화된 상황까지 순식간에 또는 서서히 누적되며 진행되기도 합니다.그동안 몸을 열심히 스스로 악화시키는 운동을 하지는 않았는지?그동안 하나마나했던 방법으로 시간만 낭비하고 회복이 더디게 유지하도록 하지는 않았는지?해왔던 방법이 치료작용 효과가 조금이라도 있어서 그나마 이만하게라도 유지되는지?정확한 방법을 따라하면시행하는 즉시 통증들의 변화가 회복되는 쪽의 느낌으로 변합니다.​정확히 하는 즉시 통증들이 줄어들거나 사라지기도 합니다.이런 운동 체조 스트레칭을 해야 합니다.​가장 흔한 원인이 되고 근본 원인이 되는 것은 척추뼈 정렬을 바르게 유지하지 못한 것입니다.척추와 연관된 대표 증상들 중에우선 목뼈 정렬과 관련된 증상들 중에 일부 증상들을 쉽게 해소한 사례들을 살피세요.​척추 통증 표준베개 아이피 사례 ☜...   신경 표준베개 아이피 사례 ☜...  ​ 두통 표준베개 아이피 사례 ☜...  ​ 머리 통증 표준베개 아이피 사례 ☜...  ​ 안구 통증 표준베개 아이피 사례 ☜...  ​ 비염 코막힘 표준베개 아이피 사례 ☜...  ​ 이명증 표준베개 아이피 사례 ☜...  ​ 목통증 표준베개 아이피 사례 ☜...  ​ 어깨통증 표준베개 아이피 사례 ☜...  ​ 팔저림통증 표준베개 아이피 사례 ☜...  ​ 손가락저림통증 표준베개 아이피 사례 ☜...  ​ 호흡곤란, 수면무호흡증 표준베개 아이피 사례 ☜... ​다음은목디스크가 있는 경우 흔히 있는척추측만증이나 허리디스크 비틀린 골반에 의한 증상들 중에 일부증상들입니다.위장 소화관련 표준베개 아이피 사례 ☜...    ​심장 부정맥 순환불량 표준베개 아이피 사례 ☜...   하복부 표준베개 아이피 사례 ☜...   불임 유산 자궁 표준베개 아이피 사례 ☜...   소변 방광 신장 표준베개 아이피 사례 ☜...   생리 표준베개 아이피 사례 ☜...   설사 변비 표준베개 아이피 사례 ☜...  ​ 치질 항문 표준베개 아이피 사례 ☜...  ​ 허리통증 표준베개 아이피 사례 ☜...  ​ 엉덩이 표준베개 아이피 사례 ☜...  ​ 골반 표준베개 아이피 사례 ☜...   치질 항문 표준베개 아이피 사례 ☜...  ​ 꼬리뼈 표준베개 아이피 사례 ☜...  ​ 다리저림통증 표준베개 아이피 사례 ☜...  ​ 발저림통증 표준베개 아이피 사례 ☜...척추를 스스로 바르게 유지하여자신의 몸이 스스로 회복시키는 자가  회복 기능은 상상을 초월합니다.​모든 질환은 원인을 제거하고더 악화되지 않게 유지하면 스스로 회복되는 것입니다.​발병 원인을 찾아야 하고스스로 악화시키지 않는 방법을 찾지 못하고스스로 회복시키는 방법을 찾지 못하면 평생 치료해도 회복 불가능합니다.​수술을 해도 재발됩니다.치료에 있어서 가장 중요한 것은 스스로 회복시키는 것입니다.​비틀린 척추가 된 원인을 잘 알고스스로 정확히 해소할 수 있어야 합니다.수술 이후 회복된 이후의 관리는 환자의 책임입니다.​수술 시술 후에 다시 재발되는 것은 병원에서 a/s 불가능합니다.​수술 시술 후에 관리를 잘못하면 재발됩니다.재시술 재수술을 하는 경우도 많습니다.​시술 수술을 다시 했어도 완벽하지 못한 회복되는 경우도 있습니다.​이러한 악순환으로 연결되는 사례들 많습니다.​목수술3회 허리수술2회 총 5수술을 했어도 회복이 되지않던 환자도스스로 회복되도록 조치하니 쉽게 치유된 사례도 있습니다.​가벼운 환자라도 다음 내용을 꼭 살펴야 합니다.​수술 후에도 회복되지 못한 중증환자,또는수술진단 받은 중증환자들이스스로 회복시키고 재발되지 않게 관리하는 치료법을 찾아 그 사례들을 살피세요중증 환자들을 완벽하게 회복하지 못하는 치료사례의 경우는,가벼운 환자도 완벽하게 회복시키지 못합니다.지금 지닌 증상들로 병원 등의 치료를 하다가,다른 증상들이 더 발생되는 경우도 있습니다.​호소하시는 증상들이 한꺼번에 쉽게 회복된 사례들을 먼저 살피세요.치료된 사례들을 살피면서,얼마나 빨리 경제적으로 완벽하게 재발없이 회복된 사례들이 있는지 비교하시면 답이 나옵니다.허리디스크 목디스크 일자목 척추측만증의 원인은잠 잘 때 베개가 바르지 못한 경우일상 생활 자세나 업무 자세가 잘못된 경우교통사고나 추락사고 충돌 충격 등의 외부 충격에 의한 경우​잘못된 운동에 의한 경우 또는 영양 부족이나 노화에 의한 퇴행화된 경우​척추 사이의 디스크가 변형되어 신경을 자극하게 되는 병입니다.​신문 방송 인터넷에서 광고가 너무 좋아서 좋다는 베개를 구입하여 조금의 효과를 봤지만,​그 베개가 완벽한 효과를 내지 못하는 베개가 되어 회복을 방해하고 있는 것이,지금의 지옥같은 생활을 하게 하는 것임을 인지하지 못하는 경우에는,베개 수명보다 더 긴 세월을 지옥에서 같은 고생하게 됩니다. 알고 있는 좋다는 운동 스트레칭 생활자세들이그동안 은근히 회복을 방해하는 것들이라면그 방법의 문제를 인지하지 못하고 계속한다면비싼 치료에도 더 악화되는 것 재발을 반복하는 것이 되어평생을 고생합니다,​허리디스크 목디스크 일자목 척추측만증 치료의 기본은1. 편안한 잠을 자면서 통증없이 잠자고 아침에도 개운하게 하는 치료표준베개.2. 치료되는 정확한 자세 유지. 치료스트레칭, 치료체조, 치료운동의 정확한 방법시행.치료운동, 치료스트레칭, 치료체조, 예방 운동, 예방 스트레칭, 예방 체조,치료목적과 예방목적의 등급은 매우 큰 차이가 있습니다.​인터넷의 여러 운동체조 스트레칭 자료들 신중하게 선택하고 시행해야 합니다.​그런 방법들 무작위로 따라하다가 스스로 더 심각하게 악화시킨 사례들 아주 아주 많습니다.​3. 부족하지 않는 균형잡힌 영양공급과 적절한 약물치료.​이 세가지로도 스스로 회복이 진행되지 않으면외력에 의한 교정이나 수술 또는 시술을 해야 하는 심한 증증 환자입니다.​치료방법 매우 다양합니다.​빠르게 완벽하게 재발없이 회복하고 싶다면그렇게 회복된 사례들을 살펴야 합니다.허리디스크가 있는 경우 일자허리 목디스크나 일자목까지도 영향을 받습니다.​목디스크 표준 아이피 베개 ☜.. ​  목디스크 표준 스트레칭 아이피 베개 ☜.. ​  허리디스크 표준베개 아이피 사례 ☜... ​  허리디스크 표준스트레칭 베개 아이피 사례 ☜...​목디스크 어깨통증 허리디스크로 여러 치료를 받아도 회복되지 못하다가주사 치료에도 효과없거나 재발된 환자시술에도 차도 없고 수술 권유를 받았던 환자가수술 후에도 회복되지 못하거나 더 악화된 환자가모든 치료 중단하고 치료작용을 하는 베개만으로스스로 쉽게 빠르게 회복된 사례들을 찾아 살피세요.디스크 주사 표준베개 아이피 사례 ☜...   디스크 시술 표준베개 아이피 사례 ☜... ​  수술 목디스크 표준베개 아이피 사례 ☜.. ​  수술 허리디스크 표준베개 아이피 사례 ☜... ​수술 외에는 방법이 없다는 퇴행성 디스크도 치료된 사례들​퇴행성 허리디스크 표준베개 아이피 사례 ☜... ​  퇴행성 목디스크 표준베개 아이피 사례 ☜.. ​치료된 사례들을 살필 때허리디스크 목디스크와 관련된 수 많은 증상 질환 통증들이 바꾼 베개만으로 한꺼번에 회복되고척추와 관련된 더 많은 증상 질환 통증들까지도 회복된 그런 베개를 찾으면빠른 회복에 큰 도움 됩니다.​목디스크 허리디스크 환자는일자목, 경추후만증, 척추측만증, 비틀린 골반 등을 병행한 경우가 대부분입니다.일자목 표준베개 아이피 사례 ☜... ​  경추후만증 표준베개 아이피 사례 ☜...  ​ 역커브c자목 표준베개 아이피 사례 ☜...   척추측만증 표준베개 아이피 사례 ☜...​척추가 비틀린 허리디스크 통증 다리저림 엉덩이통증10분 이내에 통증들이 최소화되거나 완전히 사라지는 상태가 되게 하는베개모양으로 잠을 자게 만들어잠자면서 아프지 않고 더 편안한 잠을 자게 하고아침에 깨어나 눈을 떴을때 아프지 않게 하고낮에 아프려고 하면스스로 아프지 않게 자세를 교정하고더 바른 척추정렬이 되도록 스트레칭을 하게 하여다른 어떤 치료도 없이 스스로 회복시킨 사례들을 찾아 살피세요.​수술진단 허리디스크 목디스크 어깨통증 팔통증으로 수술권유 받은중증 환자라도 1~4주 만에 스스로 회복시킨 사례들을 찾아 살피세요수술 후에도 여러 치료에도 회복되지 못한 증상들도 베개만으로 스스로 회복된 사례들,가벼운 초기 목디스크 허리디스크 환자는 2~3일만에도 완벽에 가깝게 스스로 회복됩니다.그런 사례글들은조작된 글이 아니면서과대 과장된 표현을 하지 않는 글이면서그 글의 작성사례자의 입증이 확실한 글이면서해당 질환 증상들이 한꺼번에 회복된 사례들을을 찾아야 하며글들마다 아이피 주소가 오픈된 그런 글들만 믿어야 합니다.​믿지 못할 정도의광범위하고 많은 종류의 질환들이 회복되는 효과 사례들과 살피는 것과 함께자신이 지닌 모든 증상들이 회복된 사례들이 있는지 살펴야 합니다.​치료법이나 베개 침대 선택이 잘못되면 완벽한 회복에 도달하지 못할 뿐만아니라도리어 더 악화된 경우도 있고 새로운 질환이 발병되는 경우도 많습니다.​글들마다 아이피(ip)주소가 오픈된 글들을 좀 더 믿어야 하며가장 많은 사례글들 가장 광범위한 치료 효과, 치유된 사례글들이 있는 내용만 믿어야 합니다. ​표준베개 아이피(ip)사례 ☜...​더 확실한 것은 경찰 검찰 공정위 식약처 등의,정부 기관에서 사실 여부 조사를 수차례 했던 게시판 글들은 100% 믿어도 됩니다.사례글들을 살피면서사례글 작성에 경품 상금 등이 걸린 이벤트로 인한허위 과대 과장 글에 현혹된 경우 오랜 세월 또는 평생을 고생하기도 합니다.쉬운치료 빠르고 확실한 치료 완벽한 치료 재발없는 치료 방법그런 사례들을 더 찾아 살피려면 아래 출처자료 더 살피시면 더 큰 도움됩니다.​십 수 만 명의 척추 질환을 회복시켜본 경험의 결론은스스로 자가근육으로 교정 회복하며 교정되는 침상에서 교정유지하는것 방법이가장 완벽하게 교정 회복되고 가장 오래 유지되고 안전한 방법이 됩니다.​두개골 척추(경추 흉추 요추 미골 골반) 정렬 관련 질병 통증 명칭 1300가지 중에 430여가지 질환 통증 한꺼번에 회복시킨 사례들 다시 더 보기☜클릭​빠른 회복, 완벽한 회복 재발없이 회복유지되어 건강한 행복한 생활 되기를 바랍니다."
무릎에 원판형 연골 통증/수술 질문,"군입대 앞두고 있는 21세 남성입니다. 제가 중학교 2학년때부터 운동하거나 다리를 쭉 뻗거나 오래 서있거나하면 양쪽 무릎에 좀 많이아픈 통증이 있어서 대학교때 늦게 병원에 가서 검사(MRI)를 해봤습니다.담당의분이 무릎쪽 연골이 원판형연골이라고 진단 내려주셨습니다. 일단 수술같은건 없이 검사만 해둔 상태인데 평소 생활에 통증이 꽤 있습니다. 일상생활에 지장이 있다면 있는 수준인데 차라리 공익으로 빠지거나 입대전에 가능하다면 이걸 어떻게 수술같은 방식으로 통증을 해결하고 입대하고 싶습니다.제가 궁금한게1. 통증은 있지만 파열이 없는 경우에 원판형 연골을 수술할 시 어떤식으로 하는지(절제/다듬기 등)2. 파열되기 전인데 통증이 잦은경우엔 현재 정상상태의 연골을 수술하는것이 이상이 생겼을 때 수술을 하는것보다 권장이 되는지3. 가능하다면 정상 상태로 다듬기만 하고싶은데 만약 절제하게 된다면 1/3이상 절제하게 되는지, 정상모양으로 다듬는 경우에는 공익판정에 해당하는 1/3절제에 영향이 가는지. 제 장래희망이 좀 다리를 쓰는 직업이라 일상생활에 문제가 생길정도로 쳐내면 좀 곤란합니다.5. 만약 다듬기나 절제 수술을 할 시 재활치료 후 부작용이나 사후 일상생활에 문제가 있는지 (이곳저곳 뛰어다니면서 노는 격한 운동도 포함)부모님께선 그냥 다리근력을 키우는걸로 어느정도 해결된다는 말을 들으셔서 그런지 수술에 돈을 안 쓰시려고 하시는데 괜히 현역갔다가 다치면 부대 내에서 관리나 치료도 힘들고 그것때문에 반평생 가는 이상이 생긴다고 해도 누가 제 인생 책임져주는것도 아니니까 입대 전 자세히 알고 가고 싶습니다.","안녕하세요. 하이닥-네이버 지식iN 상담의 김정관 입니다. 질문에 답을 드리겠습니다.1. : reshaping 이라고 해서 원판형 을 반월상 모양으로 다듬어 주는 방식입니다.2.  : 사실 원판형연골판은 파열이 되기 시작한다면 추후 대부분의 연골판 을 다 절제하는 경우가 많기 때문에 증상이 생기기 전에 하는 것이 좋습니다.3.  : 다듬는 경우는 질문자분이 생각하는 반월상연골판 아전절제술(subtotal meniscectomy)에 해당하지 않습니다.  군대 문제에는 해당이 없습니다.5. : 현재 증상이 없다면 참 건들기 애매한 상황입니다. 증상이 있다면 바로 수술을 받아도 이상하지 않으며 , 추후 수술을 한다해도 일상적 생활 및 운동에는 지장이 없다고 보시면 되겠습니다.치료에 참고하시기 바랍니다. 감사합니다.",https://kin.naver.com/qna/detail.naver?d1id=7&dirId=70106&docId=323958561&qb=7Ja064qQIOuzkeybkA==&enc=utf8&section=kin&rank=121&search_sort=3&spq=0
고양이가 당뇨에 걸린 것 같은데 완치가 가능 할까요? 가격은 어느정도 할까요 최근 방광염 걸렸는데 물도 평소보다 많이 마시는 것 보니 당뇨가 의심돼서요 힘들까요....?,"... 울화병이 있을 땐 어느 병원을 가야하나요? 안녕하세요, 닥톡-네이버 지식iN 상담한의사 김하나입니다. 현재 울화가 치밀고 화병이 일어나는데 어느 병원을 가서 진료를...","저희냥이도 간수치높고 ( 당뇨 ) 그래서 걱정 많이했었는데요 ., 전용 케어 사료먹고 약도 먹으니 금방 치유되었어요 ㅎㅎ 병원마다 검사비용은 달라 말씀 못드리지만 전용 케어사료가격은 6-8 만원했던거 같아요",https://kin.naver.com/qna/detail.naver?d1id=8&dirId=80502&docId=323958239&qb=7Ja064qQIOuzkeybkA==&enc=utf8&section=kin&rank=122&search_sort=3&spq=0
성기쪽에 발기가 됫다가 근방죽어버려요 왜이렇지요.?성기쪽에 자극을주면 그래도 어느정도 괜찮아지는데 놔두면은 지가 죽어버려요....병원가야하나요?,"... 울화병이 있을 땐 어느 병원을 가야하나요? 안녕하세요, 닥톡-네이버 지식iN 상담한의사 김하나입니다. 현재 울화가 치밀고 화병이 일어나는데 어느 병원을 가서 진료를...",놔두면 당연히 죽어버리죠... 계속 자극을 주면 모를까.님이 안놔두고 계속 발기상태가 유지된다면 스퍼맨이겟죠,https://kin.naver.com/qna/detail.naver?d1id=7&dirId=70113&docId=323958165&qb=7Ja064qQIOuzkeybkA==&enc=utf8&section=kin&rank=123&search_sort=3&spq=0
오늘 아침에 독감 증상인지 질문한 사람인데요,오늘 3일째 밤인데 기침이 더 심해졌네요 병원 다녀와서 약두 먹어서 기침은 어느정도 괜찮아 질꺼라 믿었는데 병원에서는 열이 안난다고 독감검사를 안해 주시더라구요 ^^? 원래 이런건가요?,독감은고열에근육통오네요큰병원내과캐어하세요치료도움줄거네요빠른회복되시기바랍니다.,https://kin.naver.com/qna/detail.naver?d1id=7&dirId=7010101&docId=323957869&qb=7Ja064qQIOuzkeybkA==&enc=utf8&section=kin&rank=124&search_sort=3&spq=0
공무원 채용 신체검사서 발급받을라면,공무원 채용 신체검사서 발급받을라면 어느병원가야되나요?,https://m.blog.naver.com/sampoet/221484854371리스트중에 전화하시고 방문하세요.,https://kin.naver.com/qna/detail.naver?d1id=7&dirId=710&docId=323956776&qb=7Ja064qQIOuzkeybkA==&enc=utf8&section=kin&rank=125&search_sort=3&spq=0
공무원 채용 신체검사서 발급받을라면,공무원 채용 신체검사서 발급받을라면 어느병원가야되나요?,안녕하세요 질문자님!공무원채용 신체검사서에 대해답변드리겠습니다.살고계신 지역과 가까운 의료기관에전화를 해보셔서 공무원 채용 신체검사가진행이 되는지 여쭤보시고 내원하시면될 거 같습니다.공무원채용 신체검사에 대한저의 답변이 도움되셨길 바랍니다.
제가 15살 남자인데 머리카락이 쪼금 쪼금씩 빠지는데 암인가여?!?! 많이는 아니고여,"... 울화병이 있을 땐 어느 병원을 가야하나요? 안녕하세요, 닥톡-네이버 지식iN 상담한의사 김하나입니다. 현재 울화가 치밀고 화병이 일어나는데 어느 병원을 가서 진료를...",머리카락이 쪼금쪼금 빠진다고 해서 암은 아니에요. 정 걱정이 되신다면 병원 가보셔요.,https://kin.naver.com/qna/detail.naver?d1id=7&dirId=70103&docId=323955519&qb=7Ja064qQIOuzkeybkA==&enc=utf8&section=kin&rank=126&search_sort=3&spq=0
제가 15살 남자인데 머리카락이 쪼금 쪼금씩 빠지는데 암인가여?!?! 많이는 아니고여,"... 울화병이 있을 땐 어느 병원을 가야하나요? 안녕하세요, 닥톡-네이버 지식iN 상담한의사 김하나입니다. 현재 울화가 치밀고 화병이 일어나는데 어느 병원을 가서 진료를...",안녕하세요 ?아니에요 .. 저도 머리카락 엄청 빠지거든요 ?머리카락 빠진다고 . 다 암 아닙니다 ㅠㅠ탈모끼 있는거 아닐까 싶네요샴푸 같은거 신경써서 바꿔 보세요
제가 15살 남자인데 머리카락이 쪼금 쪼금씩 빠지는데 암인가여?!?! 많이는 아니고여,"... 울화병이 있을 땐 어느 병원을 가야하나요? 안녕하세요, 닥톡-네이버 지식iN 상담한의사 김하나입니다. 현재 울화가 치밀고 화병이 일어나는데 어느 병원을 가서 진료를...",원래 머리카락은 하루에 어느정도의 양은 빠진다고 합니다.많이 빠지는 것이아니라면 정상인것같습니다.혹여나 너무 많이 빠진다면 탈모가 진행 된것이 있는지 확인해 보시고탈모가 생겼다면 병원을 가서 진찰을 받아보시는것이 좋을것 같네요~너무 걱정하지 않으셔도 될것같아요~오히려 신경을 쓰면 더 빠질수 있으니 마음을 편안히 먹으셔요~
안내 렌즈삽입술의 비용이 대략 어느정도하는지 궁금합니다.,"안녕하세요  유전적으로 눈이 너무 나쁜 30대 초반 남자입니다.시력은 검사한지 좀 되서 다를 수 있긴한데 마지막으로 측정된 시력이 양안 -16, -17 디옵터인걸로 기억합니다. 고도 근시죠직장 생활하고 있어서 돈도 조금씩 모으고 있는데 모은 돈으로 신세계 좀 맛보기도 하고 두꺼운 안경에서 좀 벗어나고 싶어서 안내 렌즈 삽입술을 받아보려고 합니다. 당연히 안과에 가서 검사를 해보고 어떻게 해야되는지 상담을 받아봐야겠지만 최대한 빨리 비용에 맞춰 돈을 준비하고 수술받고 싶은 마음에 여기서 질문을 남깁니다제목과 같이 대략적인 수술비용이 궁금합니다. 수술 포함 기타 비용도 또 들어가는것도 있다면 알고 싶고요..구글에 '렌즈 삽입술' 검색하면 첫페이지에 나오는 안과 홈페이지에서 보기론 수술비용이 약 400 초중반이라던데... 이정도 가격이 다른 병원가도 비슷비슷한가요?건너건너 듣기로는 예전 장비로 수술하는 병원에서는 그보다 싼 200만원 대에서 가능하다고 들었습니다.그리고 병원 고르는게 은근히 어렵던데 어떤 기준 같은게 있을까요? 통원하기 위해 가까운 거리나 잘한다고 소문(?)난 곳이나... 마지막으로 안내 렍즈삽입술도 종류가 ICL, 아쿠아 ICL, 알티플렉스, ECHO 등등 있던데 간단히 알려주실수 있을까요?","안녕하세요. 하이닥-네이버 지식iN 상담의 구오섭 입니다.렌즈삽입술을 선택하실 때 이벤트성이나 너무 값싼 비용으로 수술을유도하는 병원을 이용하시는 것 보다는 본인에게 적합한 렌즈삽입술제품과 수술방법 및 해당 수술을 집도하시는 전문의분의 수술경력등을 종합적으로 고러하여 결정하셔야 합니다.렌즈삽입술에 따른 비용은 렌즈의 종류나 수술을 집도하시는 전문의분의 경력 및 병원마다 상이하겠으나 렌즈삽입술을 전문적으로 수술하는 병원이라면 대부분 수술 비용에는 큰 차이가 없을 것으로 보여 집니다.수술비용은 아래 비용답변란을 참조하시기 바랍니다.렌즈삽입술은 전방렌즈와 후방렌즈로 나뉘게 되는데 보통 ICL렌즈삽입술을 많이 받으시는데 이는 홍채와 수정체 사이에 삽입하는 후방렌즈로 따로 홍채성형술이 필요하지는 않습니다.또한 렌즈삽입술 후에도 안압관리나 내피세포가 줄지 않도록 평상시에도 눈 관리를 잘 해주 어야 하며, 안과에 방문하여 정기검사 등을꼭 받으시는 것이 좋습니다.감사합니다.",https://kin.naver.com/qna/detail.naver?d1id=7&dirId=70112&docId=323955472&qb=7Ja064qQIOuzkeybkA==&enc=utf8&section=kin&rank=127&search_sort=3&spq=0
손해배상안녕하세요 군 에서 구타로 인해 장애를 입고군 병원에서 만기전역으르하였습니다 서류상은훈련도중 이라 기재되어있습니다. 17년 이라는 세월이 지났으면 국가유공자로는 인정이 되었습니다.최근에야 국가를 상대로 손해배상 이나 장애연금을있다는 것을 알게되었습니다. 가능한지요 ?가능하다면 군 을 상대로 해야하는지 나라를 상대로해야하는지요 ?,"... 울화병이 있을 땐 어느 병원을 가야하나요? 안녕하세요, 닥톡-네이버 지식iN 상담한의사 김하나입니다. 현재 울화가 치밀고 화병이 일어나는데 어느 병원을 가서 진료를...",안녕하세요. 서울지방변호사회-네이버 지식iN 상담변호사 문정구 입니다.구타로 인한 것라면 원칙적으로 귀하는 국가를 상대로 손해배상을 청구할 수 있습니다.그런데 불법행위로 인한 손해배상 청구는 '손해 및 가해자를 안 날로부터 3년' '불법행위를 한 날로부터 10년'내에 하지 아니하면 소멸시효가 완성합니다.(이 둘 중 어느 하나라도 먼저 경과하면 시효가 완성합니다)군인연금법도 5년의 시효를 규정하고 있습니다.따라서 사례에서 17년 전의 사고라면 소멸시효가 지났을 수 있습니다.좀 더 자세한 사항은 법률전문가와 상담해 보시기 바랍니다.이상과 같이 답변드리오니 참고하시기 바랍니다.감사합니다.변호사 문 정 구 드림,https://kin.naver.com/qna/detail.naver?d1id=6&dirId=60213&docId=323955235&qb=7Ja064qQIOuzkeybkA==&enc=utf8&section=kin&rank=128&search_sort=3&spq=0
허리디스크관련 질문드립니다. 시술 및 후유장해관련,2018년 8월경 낙상사고로 인하여 허리가 아파 9월경 MRI 촬영을 하였습니다.그당시 HIVD L3-4-5 요통 및 좌측하지방사통 이라는 초진을 받았습니다.시술을 권유받았으나 주변의 만류로 허리쪽에 주사만 한대 맞고 집에서 찜질 및 운동을 하면서지내왔습니다. 허나 주사시술 후 통증이 없어졌다가 다시 통증이 생기고 있어서 시술을 해야 될지말아야 될지 고민입니다.시술을 하게되면 효과는 있는지 여부와 시술 후 회복기간이 어느정도 될까요?병원에서는 3-4일이면 정상생활하는데 전혀문제가 없다고 합니다.그리고 해로 인한 후유장해 판정을 받을수 있는지 궁금합니다.통증만 있다고 후유장해 판정을 받을수 있을까요?시술을 해야만 후유장해판정을 받을수있을까요?,"허리디스크는 허리디스크 시술로 완치되는 질환이 아니며 허리디스크 시술여부와 관계없이 허리디스크 치료 6개월 후 신경전도검사 등의 검사결과에따라 후유장해판정 여부가 결정됩니다.허리디스크 시술류는 부작용, 후유증이 많아 이미 폐기된 치료법이고, 허리디스크 수술은 또 다른 허리디스크 시.수술을 부름으로 아예 처음부터 양방이든  한방이든 허리디스크에 손대지 않는 것이 허리디스크 완치의 첫 걸음이고, 대신, 아래를 참조해 허리디스크 재활관리하면 허리디스크가 더 빨리자연치유.생활완치됩니다.<허리디스크 자연치유.생활완치법 요약>허리디스크에 좋은 음식인 단백질이 많은 붉은 소고기를 육포.수육, 저염식장조림 형태로 매일 100g 정도 드시는 것이 좋습니다. 또,미국 전문 RX신발 ㅈㅋ*(세계적인 명의 중 명의)을 질환, 체중, 직업, 척추.골반.다리.걸음교정상태 등에 맞게 맞춤조정해 신으면,척추.골반불균형과 다리.걸음걸이가 생활속에서 교정되고 몸무게가 반으로줄여드는 효과와 같은 척추충격을 50% 덜해줘 걷기가 매우 편하고 더 멀리걸을 수 있으며 에어신발에 비해 척추.하체근육 펌핑운동이 10배 이상 되어혈액.림프순환을 원활하게 하여 혈액림프속 진통소염제가 허리디스크 자가치료>자연치유>생활완치 여건을 만들어 줘 허리디스크가 더 빨리 자연치유생활완치됩니다.미국의료보험이 되고 미국의료진들이 신고 미국의사들이 허리디스크 재활.치료에 처방하는 전문 RX신발 ㅈ**을 맞춤조정해 신고 일상.직장생활하고,허리디스크재활운동은 허리디스크 환자용으로 특화된 RX반동.RX런지.RX철봉, RX스쿼트, RX만세, 오르막 RX걷기(런닝머신 오르막 RX걷기)하시면일, 걷기도 편하고 척추.하체근육도 강화되고 허리디스크에 무리주지 않고살도 잘 빠지고 허리디스크도 더 빨리 자연치유.생활완치됩니다.(미국 전문  RX신발 ㅈㅋ* 20년 마니어인 구글회장님 감사 사인)용어 : RX신발이란?직업, 체중, 질환, 척추측만.자세, 골반상태.다리길이차.무릎.발목각도.걸음걸이, 평발여부, 발 모양에 따라 손쉽게 개인별 맞춤교정하는 전문신발이며(정형외과 맞춤깔창 기본 장착), 미국의사들이 발, 발목, 다리, 무릎, 고관절.허리보호.예방, 재활.교정.치료에 처방하는 신발을 통칭함. 즉, 운동할 때엔운동화신고 등산할 때는 등산화신는 것과 마찬가지로 질환이 있거나, 교정.예방.재활할 때 신는 신발이 RX신발임.    ↓↓ 참고 : 미국의사가 허리디스크에 처방하는 최신 재활.치료법(RX신발)↓↓ 보기 : 실제 허리디스크 있는 분들 재활치료후기.치료성공담(RX신발)",https://kin.naver.com/qna/detail.naver?d1id=7&dirId=70119&docId=323954008&qb=7Ja064qQIOuzkeybkA==&enc=utf8&section=kin&rank=129&search_sort=3&spq=0
허리디스크관련 질문드립니다. 시술 및 후유장해관련,2018년 8월경 낙상사고로 인하여 허리가 아파 9월경 MRI 촬영을 하였습니다.그당시 HIVD L3-4-5 요통 및 좌측하지방사통 이라는 초진을 받았습니다.시술을 권유받았으나 주변의 만류로 허리쪽에 주사만 한대 맞고 집에서 찜질 및 운동을 하면서지내왔습니다. 허나 주사시술 후 통증이 없어졌다가 다시 통증이 생기고 있어서 시술을 해야 될지말아야 될지 고민입니다.시술을 하게되면 효과는 있는지 여부와 시술 후 회복기간이 어느정도 될까요?병원에서는 3-4일이면 정상생활하는데 전혀문제가 없다고 합니다.그리고 해로 인한 후유장해 판정을 받을수 있는지 궁금합니다.통증만 있다고 후유장해 판정을 받을수 있을까요?시술을 해야만 후유장해판정을 받을수있을까요?,부러진것이 아님에도 통증이 발생한다면  통증을 해결할 시술만 찾을것이 아니라 왜 통증이 생기는지를 먼저 알아야 할것입니다.대부분 통증이 있는곳만의 문제로 생각하나 절대로 그렇지 않습니다.허리에서 엉덩이 다리쪽으로 순환장애가 통증으로 나타나는것입니다.물론 믿지 않겠지만정체된 혈액을 순환시켜주지 않으면 어떻게 해도 다시 통증을 생길것입니다.그러면서 다른 문제로 이어지지요.혈액의 정체는 시간이 흐를수록 심각해고 여러가지 병을 만들지요.
허리디스크관련 질문드립니다. 시술 및 후유장해관련,2018년 8월경 낙상사고로 인하여 허리가 아파 9월경 MRI 촬영을 하였습니다.그당시 HIVD L3-4-5 요통 및 좌측하지방사통 이라는 초진을 받았습니다.시술을 권유받았으나 주변의 만류로 허리쪽에 주사만 한대 맞고 집에서 찜질 및 운동을 하면서지내왔습니다. 허나 주사시술 후 통증이 없어졌다가 다시 통증이 생기고 있어서 시술을 해야 될지말아야 될지 고민입니다.시술을 하게되면 효과는 있는지 여부와 시술 후 회복기간이 어느정도 될까요?병원에서는 3-4일이면 정상생활하는데 전혀문제가 없다고 합니다.그리고 해로 인한 후유장해 판정을 받을수 있는지 궁금합니다.통증만 있다고 후유장해 판정을 받을수 있을까요?시술을 해야만 후유장해판정을 받을수있을까요?,"질문 내공500허리디스크관련 질문드립니다. 시술 및 후유장해관련2018년 8월경 낙상사고로 인하여 허리가 아파 9월경 MRI 촬영을 하였습니다.그당시 HIVD L3-4-5 요통 및 좌측하지방사통 이라는 초진을 받았습니다.시술을 권유받았으나 주변의 만류로 허리쪽에 주사만 한대 맞고 집에서 찜질 및 운동을 하면서지내왔습니다. 허나 주사시술 후 통증이 없어졌다가 다시 통증이 생기고 있어서 시술을 해야 될지말아야 될지 고민입니다.시술을 하게되면 효과는 있는지 여부와 시술 후 회복기간이 어느정도 될까요?병원에서는 3-4일이면 정상생활하는데 전혀문제가 없다고 합니다.그리고 해로 인한 후유장해 판정을 받을수 있는지 궁금합니다.통증만 있다고 후유장해 판정을 받을수 있을까요?시술을 해야만 후유장해판정을 받을수있을까요?답글입니다. 척추측만증 허리디스크 목디스크 가벼운 환자도 수술 진단 환자도,모든 치료 중단하고 시술도 수술도 하지 않고 한꺼번에 스스로 회복 시켜 버리는 사례글 아이피 주소가 노출된  사례글들을 알려드립니다.수술 허리디스크 표준 베개 아이피 사례 ☜..우클릭 새창보기      수술 목디스크 표준 베개 아이피 사례 ☜..우클릭 새창보기   수술 척추측만증 표준 베개 아이피 사례 ☜..우클릭 새창보기  다리 허벅지 엉덩이 무릎 종아리 발목 발바닥 발가락 허리통증 저림 근력약화 등은 허리디스크 이거나 요추염좌 이거나, 이들 중에서 허리통증은 내부 장기에 문제이거나,  척추가 비틀린 상황으로 디스크나 인대 근육으로 신경이 눌리는 것에 의한 통증이거나,신경이 눌린 내부 장기들의 부조화로 인한 증상 통증입니다.아주 흔한 원인은 척추골격(두개골 목뼈 등뼈 허리뼈 골반) 정렬이 바르지 못한 경우입니다.무리한 일이나 운동이나 사고 등의 충격으로 손상되거나자세가 바르지 못해도 디스크 변형 손상이 발생되는 것인데특히 자면서 아픈 경우는자면서 병을 만드는 흉기베개증후군 흉기침대증후군 이라고 합니다.이런 경우는병원치료 반복하며 재발이 반복 누적되면 누적되면 마약성 진통제에도 회복이 쉽지 않습니다.그런 경우 호소하신 모든 증상들은 의사가 고칠 수 있는 병이 아닙니다.일자목 역커브목 거북목 경추 척추측만증 목디스크 허리디스크 등에 해당되는 증상들은.효과 부족한 모든 치료 중단하고...밤에도 낮에도 스스로 안 아프게 계속 유지하면서며칠이나 2~3주 지나면 스스로 회복되는 것입니다. 시술 또는 수술이 거론된 환자라도효과없던 모든 치료 중단 또는 생략하고시술도 재시술도 하지않고수술이나 재수술도 하지 않고수술회복보다 더 빠르고 완벽하게 스스로 회복시키는 사례들 알려드립니다. 척추측만증 과 염좌 및 목디스크 허리디스크 일자목 일자허리 퇴행성 협착 추간판 탈출  추간판 파열이 된 상황이라도 쉽게 스스로 회복됩니다.병원을 꾸준히 다녀도 회복되지 못한 경우가 관찰 되는데회복을 안 시켜준 것인지 회복을 못시키는 것인지 모르지만대부분 치료를 해도 일시적인 회복 뿐이고 세월이 지나면서  점점 더 악화되는 상황이 관찰됩니다.단 며칠 또는 몇 주면 스스로 회복시킬 수 있음에도결국 수술까지 몰려가는 상황이 많이 관찰됩니다.수술 후에도 회복 불가능하게 된 사례들도 많이 봅니다.수술 거론된 환자들 5천 여 명 중에 수술한 환자가 10명 미만인 자가교정치료법을 알려드립니다. 환자들이 스스로 통증이 줄어들거나 사라지게 하는 성공률 99.99%의 자가교정치료법 알려드립니다.10년 20년을 재발되지않게 스스로 유지하고 있는 자가교정치료법 알려드립니다.목디스크 허리디스크를 포함한 척추질환은두개골, 목뼈, 등뼈, 허리뼈, 골반 중에 일부 또는 전부가 꼬이고,좌우 비대칭, 전후 비정상 곡선으로 휘어진 경우입니다.척추 정렬이 비틀려 신경흐름에 방해를 받는 경우입니다.두개골과 목뼈 정렬이 바르지 못한 경우는 목근육, 뒷목, 어깨, 겨드랑이, 팔꿈치, 팔, 손가락, 저림 통증, 두통, 안구건조증, 안구통, 시력장애, 이명증, 청력이상, 난청, 만성 비염, 어지럼증, 공황장애, 우을증, 불면증, 조울증, 눈코 알레르기, 원인불명 식도 이물감, 기관지 이물감, 마른기침, 잦은 감기, 갑상선 기능 이상 등이 발생되고, 목뼈 정렬이 바르지 못하거나 목 부분의 근육 인대 혈관 신경흐름에 이상이 발생된 경우가 대부분이고,  등뼈가 비틀린 경우 호흡곤란 심장 부정맥 빈맥 서맥, 식도염, 위염, 소화기능, 간기능, 췌장 기능 저하, 상복부 위치의 심장 식도 위 폐 부신 비장 간 담낭 담도 소장 등에 이상이 발견되는 경우는 등줄기뼈(흉추)가 한쪽으로 휘어진 척추측만증인 상황이 대부분입니다.이런 경우 경추부와 요추 정렬까지 비정상적인 상황으로 휘어지는 것입니다. 흔한 다리 허리 통증(요통)은허리부분에 척추 추간판(디스크) 인대 근육 혈관 신경 골격 이상이 있거나 하복부에 위치한 요관 신장 대장 자궁 난소 난관 등의 장기들도 허리 통증 원인이 됩니다.  장기들이 망가지는 것도 자세 습관 불량에 의한 장기간 장기 신경흐름 이상에 의한 것입니다. 호소하신 증상들은 척추와 관련해서 추정하면일을 무리해서 했거나, 운동을 잘못하거나,폭행이나 추락 사고 충돌 충격 등으로 신체가 손상된 경우도 있지만 .  대부분은 잠자는 상황과 생활 습관과 생활 동작 자세들이 잘못된 경우랍니다.낮에 저리거나 시리거나 아픈 것을 스스로 안 아프게 만들지 못하는 것은,스스로 병을 만드는 것을 방치하는 것이고,자면서 자고나서 아픈 상황도 스스로 병을 만드는 것입니다.이런 경우는 의사들이 고칠 수 있는 병들이 아닙니다.밤 낮으로 스스로 안 아프게 만들고 안 아프게 유지하는 것이 완치수준 유지라고 합니다.  두통이나 어지럼증 시력장애 안구건조증 안구통 충혈  턱관절 뒷목 뒷머리 목 어깨 통증 저림 결림 등의 증상들은아주 간혹 뇌나 두개골에 이상이 있는 경우도 있지만,대부분은 목뼈 정렬이 바르지 못한 경우입니다.팔 팔쿰치 손목 손가락 통증 저림은 주로 목디스크 일자목 외에 흉곽출구증후군 경늑골증후군 등이 있고  어깨는 어깨활액낭이나 견관절 이상이 생겼거나, 근육 인대에 손상인 경우이며,팔꿈치 아래는 척골충돌증후군, 손목 아래만은 수근관 이상 등도 원인이 됩니다. 허리 엉덩이 골반 다리 허벅지 무릎 종아리 발목 발바닥 발가락 저림 통증은주로 허리디스크 외에 일자허리 요추염좌 등이 원인이 되고,엉덩이 허벅지 사타구니는 천장관절증후군 등이 있는 경우입니다.자면서 스스로 회복시키는 상황과낮에 스스로 회복시키는 상황을 만들면 며칠 이내에 회복됩니다.가벼운 환자는 며칠만에 빠르면 첫날부터 싹 해소되기도 합니다.수술 거론된 중증 환자들도 모든 치료 중단하고서도 몇 주 이내에 스스로 회복이 됩니다.수술 시술 진단 디스크 환자들이 시술 수술하지 않고 실패가 거의 없이 스스로 회복시킨 사례들  ​ 목디스크 수술 표준베개 아이피사례 ☜ 클릭  ​목디스크 시술 표준베개 아이피사례 ☜ 클릭   허리디스크 수술 표준베개 아이피사례 ☜ 클릭  허리 시술 표준베개 아이피사례 ☜ 클릭  실패가 거의 없는 그런 사례들을 찾아 살펴야 합니다.척추측만증 표준베개 아이피사례 ☜ 클릭척추측만증이 있는 경우는,경추에 c자 커브가 소실되거나 심한 경우,등이 너무 편평하거나 굽은 경우,목뼈 등뼈 허리뼈 골방이 한쪽으로 휘어진 경우,한쪽 어깨가 쳐진 경우,안면비대칭인 경우,인중이 휘어졌거나 한쪽 입꼬리가 올라간 경우,다리 길이가 동일하지 않은 경우,엉덩이가 좌우 비대칭이거나 너무 쳐지거나 뒤로 빠진 경우,호소하신  증상들이 흔하게 발현 됩니다.무릎 높이, 골반 높이가 다른 경우질문자 특징은 피부는 얇고 부드러운 편입니다. 모공도 작고 동안 피부지요. 신체의 유연성도 좋습니다. 윗몸 앞으로 굽히기 남들보다 더 잘됩니다.허리에서 더 오목 들어간 곳이 우측:직접 사진 (좌측: 거울 사진)이면,우측(좌측) 어깨가 반대보다 더 높고 가슴 심장이 두근 거림 증상이 자주 나타나고,은근한 소화기능에 이상이 있는데 특히 위장 식도에 기능에 이상이 가볍게 오래전부터 있었습니다.거울 보면서 김치...하면 우측(좌측)한쪽 입꼬리가 더 올라갑니다. (좌측)은 (좌측)으로 우측은 우측으로 연결해서 읽으세요의자에 걸터 앉아서 무릎 높이를 보면, 우측(좌측)이 더 높은 비대칭 짝다리, 척추측만증입니다.목디스크도 허리디스크도 병행되어 진행된 상황이 대부분입니다.혹시 밤에만, 눕거나, 잘 때, 자고 나서 아픈 경우는, 어떤 의사 선생님께서도 절대로 못 고칩니다.밤에 더 아프고 낮에 덜 아픈 경우도 동일합니다.병원에서는 치료 받으면 안 아픈데,약효 다 되서 시간 지나서 다시 아픈 것이 반복되는 환자도  어떤 의사도 절대 못고칩니다.점점 더 악화됩니다. 결국 최악의 상황으로 진행됩니다.모든 치료 과정들이 도리어 회복을 훼방하는 것들이 되기도 합니다.대부분이 그래요.베개 부터서 최우선으로 점검하세요.   건강을 염려하면서 베개에 관심 있는 경우다양한 증상 질환 통증들을 베개를 바꿔서 한꺼번에 해결한 많은 사례들,가장 빠르고 완벽하고 쉽고 안전하고 저렴한 회복 방법의 사례들을 알려드립니다.잘 때 아무리 편안한 베개라고 하다고 해도,잘 때 자고 나서 질병들 통증들을 완벽하게 회복을 시키지 못하는 베개는 흉기가 됩니다.완벽하지 못한 베개는 1,300가지 명칭에 해당된 질환 통증을 더 만들거나 악화시킵니다.낮에 병원 의존하여 회복시키게 만들고,   자면서 스스로 또 다시 악화시키는 것입니다.평생 그렇게 반복하게 만들기도 합니다.완벽한 베개는 1,300가지 명칭의 질병 통증들이 어떤 종류가 복합된 상황이라도 한꺼번에 스스로 회복시키는 작용을 합니다.  시술 수술 기타 다양한 주사 치료를 하기 전에 지금 사용하던 베개부터 바꾸세요.수 천 건의 아이피 주소 노출된  사례 글들이 있는 완벽한 조절 표준 베개 확인하세요.호소하신 증상은 일자목 목디스크 허리디스크 천장관절 비대칭골반 척추측만증에 의한,비틀린 근육 인대 디스크의 신경 자극으로 장기들에 이상 기능 및 증상 통증으로 의심 합니다.    빠른 바른 안전한 저렴한 완벽한 회복 및 재발 예방도 완벽하게 유지 되는,비시술 비수술 회복을 원한다면,가벼운 환자도 최악의 환자들도 쉽게 회복된 사례들을 살펴야 합니다.   시술이나 수술에도 회복 실패한 환자들이수술이나 시술 권유 받은 목 허리 디스크 환자 척추측만증 환자들이시술이나 수술 하지 않고모든 치료도 중단하고 더 빠르게 더 완벽하게 더 안전하게 쉽고 저렴하게스스로 회복 시키고 스스로 재발되지 않게 유지하는 사례들 알려드립니다.아래 답글 내용은질문자께서 호소하신 증상 통증과 유사하게,힘들게 투병했던,  치료를 해도 수술을 해도 회복 못하고 살기 힘들 정도로 아팠던 환자들을 포함한,다양한 병원에서 회복시키지 못하던 수많은 환자들이 쉽게 회복된 사례들을 근거로 작성한 것입니다.340 여 가지 질환 통증들을 스스로 회복시킨 십 수 만 명의 환자들의 회복방법 사례를 근거로 작성된 것입니다.​호소하신 증상의 가장 빠르고 완벽하고 쉽고 안전하고 저렴한 회복 방법의 사례들을 알려드립니다.허리디스크나 요통(허리 통증)은 허리 부분에 있는 요추(허리뼈) 요추간판, 인대, 근육, 혈관, 척수, 신경 흐름에 이상이 있는 경우 허리통증(요통)이 나타나고,척추 정렬이 비틀린 것에 따른 신경 흐름에 의하여 기능 영향을 받는 하복부에 위치한 장기들인 소장, 직장, 대장(상행결장, 하행결장),  충수돌기, 맹장, 신장, 요관, 방광 등의 기능과 신경흐름에 이상이 있는 경우, 여성인 경우 난소 난관 자궁 등에 신경흐름과 기능 및 호르몬에 이상이 있는 경우에 요통(허리 통증)과  허리주변 통증을 호소하게 됩니다.호소하신 증상은 내부장기들의 영향을 받을 가능성 보다는요추 추간판탈출이거나 추간판협착, 추간공협착 요추부염좌 병행될 위험이 높습니다.일명 허리 디스크 라고 합니다.이런 경우 허리 뿐만 아니라 목디스크, 척추측만증, 거북목, 일자목, 역커브c자목, 경추후만, 요추과다만곡, 요추후만 증 요추무전만(일자허리) 비대칭골반 비대칭꼬리뼈(미추) 등이 병행되기도 합니다. 비틀린 골격의 위치에 따라서 1,300가지 명칭의 질환 통증 불편증상들 중에 해당된 것을 호소하게 됩니다.목디스크, 척추측만증, 거북목, 일자목, 역커브c자목, 경추후만, 경추측만증 등으로,목뼈가 바르지 않게 비틀린 경우,뇌신경에 문제가 발생되기도 하고,뇌신경에 관한 서울대학교병원의 신체기관정보 내용에 따르면,뇌신경은 총 12쌍으로 후각신경, 시각신경, 동안신경, 도르래신경, 삼차신경, 얼굴신경 등으로 나뉜다.제1뇌신경(후각신경) : 감각신경으로 냄새를 인식하는 기능을 한다.제2뇌신경(시각신경) : 감각신경으로 시각에 관여한다.제3뇌신경(눈돌림신경), 눈의 기능에 관여한다.제4뇌신경(도르래신경) 눈의 회전과 움직임을 관여한다.제6뇌신경(갓돌림신경) : 안구(눈알)의 움직임과 관련된다.제5뇌신경(삼차신경) : 얼굴, 입, 코의 점막의 감각을 담당하는 감각신경이다.제7뇌신경(얼굴신경) : 얼굴의 근육의 움직임에 관여하는 운동신경이다.제8뇌신경(속귀신경) : 몸의 균형감각과 청각에 관여한다.제9뇌신경(혀인두신경) : 목 안쪽 일반감각과 혀 뒤 1/3의 미각, 자율신경반사등에 관여한다.제10뇌신경(미주신경) : 인후두근육과 내부장기근육의 운동, 내장기관들의 자율신경반사와 관련이 있다.제11뇌신경(더부신경) : 목근육과 상부 등근육의 움직임과 연관된다.제12뇌신경(혀밑신경) : 혀의 운동신경이다. (참조 : 서울대학교병원 자료)이러한 신경계 흐름에 이상이 발생되면 상상을 초월한 다양한 명칭의 질환 증상 통증들이 병행 됩니다.척추(두개골과 목뼈 등뼈 허리뼈 골반뼈의 정렬이 비틀린 경우와 관련된 질환 증상 통증들이 회복된 사례들 아래 링크 클릭하고 내게 해당된 항목만 더 클릭하고 참고 합니다. https://blog.naver.com/kangik60/120155150942 ☜클릭다양한 발병 원인들 회복이 어려운 원인 들이 있지만거의 대부분사고에 의한 외력충격, 잘못된 자세 유지 방법, 잘못된 운동 방법, 잘못된 잠자는 환경 등이 된 경우 흔하게 발병됩니다.손, 팔, 발, 다리, 골격 및 두개골에서 골반 미골까지 연결되는 척추 정렬이 잘못되면,척추 및 골격이 비틀린 위치에 따라 1,300가지 명칭의 다양한 질병 통증이 복합적으로 나타납니다.​호소하신 증상들은 1300가지 중에 일부에 속하는 것입니다.​편안하게 자면서 스스로 교정되는 잠자는 환경과낮에는 자기 근육으로 비틀린 척추를 아프지 않게 교정유지방법 배우시면 됩니다.여러 전문병원 한방병원 한의원 등의 다양한 치료에도 회복 못하거나 잦은 재발을 한다면,가벼운 환자도쉽게 회복 못하는 난치성 환자도원인 불분명 환자도척추 관련 수술 시술 실패로 통증 증상이 남아 있거나 재발 되는 환자들을완벽하게 스스로 회복시킨 그런 사례들을 살펴야겠지요?빠르고, 완벽하고, 안전하게, 저렴하게회복하고,복합된 질환 증상 통증 한꺼번에 회복하고,재발없이 오래 유지하는 사례들을 알려드립니다.목디스크, 허리디스크, 척추측만증 복합 병행된 경우든지,가벼운 환자라도,수술 실패한 환자들도,이후의 회복 실패 않으려면,수술거론된 또는 수술 후에도 회복이 완벽하지 못한 최악의 환자들조차 밤 낮으로 자면서 스스로 회복되고 낮에는 스스로 악화시키지 않고 유지시킨 사례들 꼭 참고해야 합니다.​가벼운 환자든지, 수술 거론된 환자든지, 수술 실패한 환자든지,​수술진단 환자들이 수술하지 않고,​그동안 효과없었던 모든 치료도 중단하고,​빠르게 완벽하게 안전하게 저렴하게 스스로 회복시킨 사례들 살피세요.​지난 20 여 년 동안, 1999년부터  8만 여명의 환자들 중에, 수술 권유받은 환자들 비수술 성공률 99.5%이상의 자가교정치료법 사례들 알려드립니다.일상에서 할 수 있는 밤 낮으로 구분한 척추관련질환 증상 통증들의 치료법 입니다.밤에는자면서 악화시키지 않고, 자면서 회복되는 베개모양으로 조절하여 편안한 깊은 잠을 자고,낮에는모든 일상 생활에서 스스로 악화시키지 않게 유지하는 것이 가장 완벽한 치료법입니다.밤 낮으로 스스로 회복하고 재발되지않게 유지하는 벙법을 모르면,어떤 좋은 치료에도 단 하루만에 며칠 만에 재발되는 것은 뻔한 일입니다.​가벼운 환자도 최악의 환자들이 스스로 한꺼번에 더 빠르게 완벽하게 회복시킨 사례들 먼저 살피세요​아래 자료 중에자신에게 해당 내용들만 골라서 잘 살피세요.​척추측만증 표준베개 아이피사례 ☜ 클릭  ​ 목디스크 수술 표준베개 아이피사례 ☜ 클릭  ​목디스크 시술 표준베개 아이피사례 ☜ 클릭   허리디스크 수술 표준베개 아이피사례 ☜ 클릭  허리 시술 표준베개 아이피사례 ☜ 클릭  ​ 두통 편두통 뒷머리두통 이마두통 표준베개 아이피 사례 ☜클릭  ​ 어지럼증 현기증 표준베개 아이피 사례 ☜클릭   안구건조 안구통 표준베개 아이피 사례 ☜클릭 ​  귀울림 이명증 난청 표준베개 아이피 사례 ☜클릭 ​  목 어깨 표준베개 아이피 사례 ☜클릭 ​  팔 손 손가락 표준베개 아이피 사례 ☜클릭 ​  역커브 c자목 표준베개 아이피 사례 ☜클릭  ​ 일자목 표준베개 아이피 사례 ☜클릭  ​ 척추측만증 표준베개아이피사례 ☜클릭  ​ 식도염 위염 표준베개아이피사례 ☜클릭  ​ 심장 부정맥 빈맥 서맥 표준베개아이피사례 ☜클릭  ​ 퇴행성 디스크 표준베개아이피사례 ☜클릭  ​ 협착 디스크 표준베개아이피사례 ☜클릭 ​  골반 엉덩이  미추 표준베개 아이피 사례 ☜클릭  ​ 생리통 생리불순 표준베개 아이피 사례 ☜클릭   소변 표준베개 아이피 사례 ☜클릭  ​ 정력감퇴 표준베개 아이피 사례 ☜클릭  ​ 발 다리 표준베개 아이피사례 ☜클릭   허벅지  표준베개 아이피사례 ☜클릭   무기력 표준베개 아이피 사례 ☜클릭 ​ 만성피로 표준베개 아이피 사례 ☜클릭  ​ 호흡곤란 수면무호흡증 혀감각 무딤 표준베개 아이피 사례☜클릭  ​ 코골이 표준베개 아이피 사례☜클릭  ​ 이갈이 (알치증) 턱관절 표준베개 아이피 사례 ☜클릭​모든 병은 원인을 해소 제거하고, 병든 몸이 스스로 회복시키는 작용을 해야합니다.​외력교정치료, 신경 차단 주사, 시술, 수술, 재수술 등이 근본 원인 해결책이 아닙니다.​시술 수술진단 권유받은 환자도,그동안 효과 부족한 모든 치료 중단하고,시술이나 수술 않고 완벽에 가깝게 빠르고 안전하게 스스로 회복시킨 사례들 알려드립니다.​호소하신 모든 증상들을 한꺼번에 빠르게 저렴하게 안전하게 스스로 회복시키고 유지시키는 사례들,평생 다시는 병원에 가지 않고 유지할 수 있는 가장 저렴한 방법입니다.​십 수 만 명의 척추 질환을 회복시켜본 경험의 결론은스스로 자가근육으로 교정 회복하며 교정되는 침상에서 교정유지하는것 방법이가장 완벽하게 교정 회복되고 가장 오래 유지되고 안전한 방법이 됩니다. 두개골 척추(경추 흉추 요추 미골 골반) 정렬 관련 질병 통증 명칭 1300가지 중에 430 여 가지의 질환 통증 한꺼번에 회복시킨 사례들 ☜클릭​​잠도 잘 자게 하면서,목디스크 허리디스크 척추측만증도 자면서 교정 회복되게 했던 사례 글들을 찾으세요.1300가지 이상의 명칭들의 질환 통증 불편증상들을 완벽에 가깝게 회복된 사례들을 찾아 살피세요.​어떤 것이라고 이 글에 상호명칭 표현을 하지 못하는 이유는 상업적 홍보성 글로 신고되기 때문입니다.​알려드릴 사실은 국민 건강에 매우 중요한 정보성 내용인데 말입니다.회복된 사례글들 읽다보면 무엇인지 답이 보여요​완벽에 가깝게 스스로 회복시키고, 회복된 상태를 계속 유지하는 방법 터득하시면 됩니다.길게 걸리지 않아요 단 며칠에서 몇 주면 됩니다.운동이 좋다는 말들을 하는데,최고의 운동 치료 전문가는 통증들을 즉시 최소화시키거나 사라지게하는 운동이나 체조법 스트레칭을 전화 통화만으로도 정확히 알려줄 수 있어요.​모든 운동은 질환 증상이 비슷해도 발병상황의 차이에 따라 완벽하게 서로 다른 운동을 해야 하는 경우가 대부분입니다. 이런 상황에서 정확하게 세부적인 것을 글로서 알려드리는 것은 불가능합니다.​단 확실한 것은 운동을 하면서 더 회복되는 상황을 유지하라. 더 악화시키지 않아야 한다는 것입니다. 그런 사례 글들을 살펴야 합니다.​호소하신 목 허리 디스크 팽륜 탈출 파열 척추관 협착증 분리증 등에,가장 완벽한 회복방법 알려드립니다.모든 치료법에도 오랜세월 회복 못하거나 회복되지 못한 환자들이 단 며칠 만에 몇 주 만에 스스로 회복된 사례 글들을 아이피주소가 오픈된 글들이기에 경찰 검철 공정위 식약처의 조사에서도 사실로 입증한 글들을 보면 가장 완벽한 치료법이라고 증명된 방법입니다.스스로 회복시키고 유지시키는 방법 터득 하시면 쉽게 회복되고 재발도 거의 되지 않습니다.회복 후 유지하는 방법 정확히 알지 못하면 언제든 다시 재발되는 것입니다.점점 더 악화된 상황입니다.그동안 방치한 상황인지 못고쳐준 상황인지 안 고쳐준 상황인지 모르겠지만​아래 자료에 의한 회복 작용은 쉽게 단 몇 주 만에 회복되는 것입니다.시술이나 수술진단 권유 받은 환자일지라도,그동안 효과없던 모든 치료도 중단하고 수술 시술도 하지않고 스스로 회복되게 했던 사례들입니다.그런 환자들 조차도 단 며칠만에 몇 주 만에 스스로 회복시키는 시례들,수천건의 사례 글들, 실제는 십 수 만 건입니다.해외 거주하는 분이라면?브라질에서 허리 목디스크 수술진단, 2주만에 감쪽같이 치료한 표준베개 아이피 사례 ☜..클릭전국 어디든 세계 어디든 지역 상관 없는 치료 작용 되는 사례입니다.만 가지 병을 회복시키는 운동 스트레칭, 병을 더 만들거나 악화시키는 운동 스트레칭,그 방법의 차이는 매우 작은 차이입니다.​병원에서도 회복시키지 못하는 환자들을, 환자 스스로 회복시키는 침상환자들을 더 환자로 만드는 침상(베개 침대)호소하신 병증들을 빠르게 완벽하게 저렴하게 안전하게 재발없이 회복 유지 시키려면운동 체조 스트레칭 침상(베개)에 관한 다음 자료 잘 살피세요.목디스크 허리디스크와 척추측만증 등의 척추 및 골격 정렬이상에 의한 신경이상에 의한 경우,반드시 최우선으로 해야 하는 치료법입니다.​질환 통증 불편증상 1,300가지 이상의 명칭들을 스스로 회복시켜 해소하는 치료법입니다.​침상 조절 안정 치료-침상안정치료베개 침대 매트리스 조절기능 필수,누워서 덜 아프거나 안 아픈 상황이 되도록 베개나 침대를 조절하는 치료법,가장 빠르고 완벽하고 저렴하고 안전하고 부작용 없는 필수 치료법입니다.​침상 조절 체형 교정 치료-침상교정치료베개 침대 매트리스의 조절기능 및 조절단계 표준화 표시 필수침상 조절 안정 치료에 의하여 안 아픈 상태에 도달하면,재발되지 않는 정상 체형이 되도록, 사용자의 체형을 고려한,표준침상이 되도록 베개 침대를 조절하여 체형교정을 유도하는 치료법완치 수준을 스스로 계속 유지하는 치료법입니다.​세계30개 국가의 특허를 받은 기술입니다.모든 치료 중단하고 스스로 회복되게 하는 기적 같다는 효과사례들을 만들어낸 치료법입니다.윗 내용이 선행되지 못하면 평생 치료해도 회복되지 못하거나 점점 더 악화되기도 합니다.조절되지 못하는 베개는 흉기 베개가 됩니다.조절이 되는 기능은 있어서 조금 더 편하게 되도 흉기되는 경우는,조절 단계마다 표준화 되지 못한 베개는 완벽한 회복도 못하고 재발 방지도 못하는 것입니다.조금 더 편한 베개지만 완벽하게 회복시키지 못하는것 또한 더 오랜 세월 흉기 베개가 됩니다.​디스크 탈출이나 파열된 경우, 운동, 스트레칭, 체조는 당분간 하지 말거나 정말 조심해서 합니다.빠른 회복을 위해서 베개가 가장 중요하고 다음 중요한 것은 서 있거나 걷는 자세, 앉는 자세 입니다.​제대로 서고 걷는법 제대로 앉는법 배우면 어떤 상황이라도 스스로 회복되는 작용을 합니다.​무슨 무슨 운동이 좋다고 쉽게들 말하는데모든 운동은 무리가 될 위험이 있습니다.​인터넷으로 완벽한 운동을 질문에 답할 수 있는 운동 방법은 거의 없습니다.스스로 무리 되지 않는 회복되는 방법을 터득하거나 전문가에게 끝까지 제대로 배워야 합니다.​온세상의 모든 의사들과 약물들 치료사들 좋다는 운동법 등을 통털어 비교해도월등하게 완벽한 치료 회복 시스템은 스스로 회복되는 것을 훼방하지 않는 것입니다.목디스크는 허리디스크 를 포함 1,300 가지 질병 통증들 또한 베개가 대부분 큰 문제입니다.​베개가 잘못된 허리디스크 목디스크를 포함한 1300 가지 명칭의 질병 통증들은,,베개를 바꾸지 않으면 다양한 어떤 치료들을 아무리 오래 해도 못고칩니다.​좋은 베개를 사용하여 수술진단 환자들도 수술하지 않고 회복되게 만드는 베개를 찾아야 합니다.​수 천 명의 수술진단 환자들 중에 몇 명을 제외한 모든 수술 진단 환자들이,모든 치료 중단하고 수술하지 않고 편안하게 자면서 낮에도 스스로 회복되는 기적 같다는 사례들을 찾아야 합니다.거의 대부분은 수술한 환자들보다 더 완벽하고 더 빠르게 회복되고 재발되지 않게 회복되는 사례들을 찾아 살펴야 합니다.일자목 거북목 목디스크 허리디스크 척추측만증 일자허리 및 척추 관련 다양한 내과 질환들 이비인후과 신경과 비뇨기과 산부인과 정형외과 안과 치과 등에 관련된 모든 신경계 질환들이 한꺼번에 회복되는 사례들을 살펴야 합니다.​모든 치료를 중단하고서 베개만으로 스스로 완벽한 회복이 되어야 합니다.조금 편한 정도가 아닌 완벽하게 완치수준에 도달하는 상황이 만들어지는 베개를 찾아야 합니다.첫 날 부터 눕자마자 덜 아프거나 안 아픈 상황이 만들어지는 조절 표준 베개를 찾아야 합니다.​베개를 조절하여 덜 아프거나 안 아프면 완벽한 재발 방지까지 되게하는 체형 교정까지 마무리 되도록 체형을 교정하는 베개 조절 순서에 따라 표준베개모양으로 조절하면서 체형이 완벽하게 교정까지 되는 작용이 되어야 합니다.​베개가 잘못되면,허리디스크 목디스크를 포함한 1천3백 가지 질병 명칭들 중에 몇 가지 또는 수 십 가지를 질병 통증들이 한꺼번에 또는 순차적으로 발병되거나 더 악화시키거나, 돌연사도 하게 하는 흉기 지옥베개가 됩니다.​제대로 되면 수 십 가지 질병들 통증들 불편증상들 난치성 질병들조차도 한꺼번에 스스로 회복되는 편안한 잠 자게 하는 것이 베개의 역할입니다.​그런 상황을 결정하는체형맞춤조절 표준베개 ☜클릭    짝퉁 표준베개 ☜ 클릭​각각 검색하세요.​질환 통증 불편 증상들이 쉽게 해소된 사례 글의 신빙성에 대하여,오래 전부터 서슬 퍼런 정부 기관들,경찰, 검찰, 공정위, 식약처, 각각의 기관들마다 사례 글들의 사실 여부를 조사 했었고,그 사례 글들은 모두 사실인 사례 글들로 밝혀진 것들입니다.이보다 더 신빙성에 대하여 충족시킬 방법 더 또 있을까요?대부분은 여러 사연으로 아이피주소를 쉽게 오픈하지 못합니다.아이피 사례 글들은 99.99% 믿어도 됩니다.​잘못된 베개가 만드는 1,300가지 명칭의 질환 통증들은,완벽한 베개로 바꾸지 않으면,약물 주사 등 어떤 치료에도 재발 없는 회복 불가능하고,​어떤 의사 한의사의 치료, 물리치료, 교정치료, 운동치료... 무엇이든 아무리 잘해도단 하룻밤만 지나면 다시 재발되는 것입니다.그래서 완벽한 베개는,의사들이 10년 20년 30년을 치료 반복해도 못 고치던 환자들이 첫날부터 회복되고,그동안 효과없던 모든 치료들을 중단하고,완벽한 베개로 바꾸고 자면서 스스로 한꺼번에 회복시키고 악화되는 것을 방지하며,수술진단 또는 재수술진단 환자들도 조차 더 이상 수술도 어떤 치료도 더 이상 하지 않고 스스로 회복되고 유지되는 편안한 잠을 자게 하는 것입니다.베개가 지옥과 천국 결정을 하고 인생도 바꿔버립니다.통증 고통 불편함의 지옥을 탈출 하려면?지옥탈출 표준베개 ☜ 클릭   목디스크 수술 표준베개 아이피사례 ☜ 클릭  목디스크 시술표준베개 아이피사례 ☜ 클릭   허리디스크 수술 표준베개 아이피사례 ☜ 클릭   허리 시술 표준베개아이피사례 ☜ 클릭  ​  흉곽출구증후군 수술 이후 표준베개아이피사례 ☜ 클릭  ​ 흉곽출구증후군 수술 불가 표준베개아이피사례 ☜ 클릭  ​​각각 다시 검색 살피세요.​어떤 상황의 환자들이라도수술 시술 진단, 퇴행성 급성 연성 경성 만성 관계없이 모든 환자들은스스로 완벽하게 회복시키고스스로 빠르게 회복시키고스스로 재발 되지 않게 회복된 상황을 오래 유지하는 방법들을 찾아야 합니다.일자목 목디스크 척추측만증 경추 및 요추부염좌 일자허리 허리디스크 비대칭 비틀린 골반 상황인 경우 나타날 수 있는 매우 다양한 통증 질환 증상들 중에 일부 증상들을 호소하신 것입니다.​수술 진단 환자 조차도 그동안 효과 없던 모든 치료 중단하고치료를 했어도 그동안 점점 더 악화시켰던 모든 치료들 중단하고​모든 치료 중단하고 수술을 하지 않고 시술도 하지않고 스스로 회복시킨 사례들,효과 미약했던 모든 약물들 주사나 약물 복용도 중단하고 스스로 회복시킨 사례들​수많은 여러 치료에도 차도 없어 회복 포기했던 사람들이도첫날부터 적용하자마자 즉시 통증들이 줄어들거나 사라지게 했던 사례들​더 빠르고 더 완벽하고 더 쉽고 저렴하게 스스로 회복시킨 사례들.아이피주소가 오픈된 회복치유체험 사례들경찰 검찰 공정위 식약처에서 사실 여부 조사하고 모두 사실임을 보증해준 회복 사례들의 내용들을 살피도록 안내합니다.척추 및 골격 정렬에 관련된 1,300가지 명칭의 통증 증상 질환들을잠 자면서 스스로 회복시키고,낮에 스트레칭 체조운동 자기 근육으로 자세를 교정 유지하여 스스로 회복시키고재발되지 않게 유지되는 사례들 보여드립니다.​​ 짝퉁들의 부작용도 살피고,  도리어 흉기가 되어버린 사례들도 살피세요. ☜...(우클릭 새창열기)​추가 자료 답글입니다.쉽고 빠르게 완벽하게 스스로 회복시킨 사례들을 찾아 살피세요.​수술 후에도 잡히지 않는 통증들을 쉽게 해소시킨 사례들 아래 자료 잘 살피세요수술진단 환자들도 수술을 하지않고 스스로 쉽게 회복시킨 사례들을 살피세요오랜 병원 치료에도 완벽하게 회복되지못하고 재발되던 환자들이 스스로 회복시킨 사례들을 살피세요.스스로 악화시키지 않는 방법을 알지 못하면스스로 회복시키는 방법을 알지 못하면평생동안 어떤 치료를 해도 완벽한 회복이 불가능한 것이 척추관련 질환들입니다.가벼운 환자도 중증환자도 꼭 살펴야 하는 것은수술진단 환자가 수술을 하지 않고 스스로 쉽고 빠르게 회복된 사례들을 찾아 살피는 것이가장 확실한 치료방법을 찾는 것입니다.​수술 허리디스크 표준베개 사례 ☜...  수술 목디스크 표준 베개 사례 ☜..수술 외에는 방법이 없다는 퇴행성 협착 디스크도 치료된 사례들퇴행성 허리디스크 수술 표준베개 사례 ☜..  ​ 퇴행성 목디스크 수술 표준베개 사례 ☜..  ​ 경추 협착 수술 진단 표준베개 사례 ☜..  ​ 요추 허리디스크 협착 수술진단 표준베개 사례 ☜..​대부분의 치료법들이 회복에 도움을 주지만간혹 어떤 치료법들은 부작용도 있고치료하는 과정에서 더 악화되게 하는 치료법들도 많습니다.​두개골 척추(목뼈 등뼈 허리뼈) 골반까지의 정렬에 관련된 의 완벽한 회복의 기본은침상안정교정, 자세교정, 운동처방, 적절한 치료, 충분한 영양이것이 모두 충족되지 못하는 경우어느 한가지라도 부족한 경우는평생 치료해도 절대 회복되지 못하는 것입니다.​목뼈 등뼈 허리뼈 골반을 포함한 척추들의 정렬이 바르지 못하여디스크의 팽창(벌징) 변형 파열 협착 퇴행화로 인하여 신경이 자극되는 진단을 받은 원인은목디스크를 유발시키고 스스로 치유되는 것을 방해하는가장 근본적인 발병 요인들을 해소해 주지 못했기 때문입니다.​어떤 치료를 하더라도스스로 회복되어 치료되게 도와주지는 못하더라도악화되게 하는 모든 요인들을 제거하는 것이 가장 우선해야 하는 치료법입니다.​우선은 증상이 더 심해지지 않게 하는 것이 가장 중요하고 필요합니다.​더 아파지지 않게 유지하는 안정이 최우선입니다.​아프지 않게 유지하는것덜 아프게 유지하는 것을 안정치료 라고합니다.잠자면서 아침까지 아프지 않게 유지하는 것은 침상안정치료낮에 생활하면서 아프지 않게 유지하는 것은 자세안정치료반드시 해야 하는 최우선 조치사항입니다.​그 방법을 정확히 알면 스스로 쉽게 회복됩니다.잠자면서 비틀린 척추 변형된 디스크를 더 바르게 해주는 것을 침상교정치료몸의 상태와 침대상황에 따른 베개 모양과 높이를 아프지 않게 조절하면 됩니다.낮에 더 바른 척추로 교정하는 것 자세교정치료라 합니다.스트레칭 체조 운동 등을 스스로 하면서 더 바른 척추가 되도록 하는것입니다.​염증이 있다면 병원진료 후에 약물복용 주사 등의 조치를 받습니다.​침상안정교정 자세안정교정치료에도 회복되지 못한 경우는 심각한 상황으로물리치료 기타 치료들 시술이나 수술 등의 치료가 필요한 것입니다.​어떤 치료를 진행 하든지침상안정교정 자세안정교정치료는 반드시 병행되어야 합니다.척추가 나쁘면 운동을 하라고 하는데운동 체조 스트레칭은 잘하면 약이고 못하면 독입니다.​운동 하는 방법몸 동작 방법 동작 순서들을 힘의 강도조절 방향 등을 구분하면 수천만 가지가 됩니다.아프지 않게 하면서 스스로 회복되게 하면 최고의 명약이 됩니다.무작위로 알려주는 인터넷의 운동법들 함부로 따라하다가 낭패 당합니다.자신의 증상에 대해서 근본 원인을 해소하는 내용의 지도가 충분히 가능한 선생님들 찾아야 합니다.치료운동방법 치료스트레칭방법,스스로 치료되는 생활자세들 업무자세들최고의 전문가가 전화로 알려주는 운동방법 내용이라도따라하면 통증들이 즉시 줄어들거나 사라집니다.​줄어들거나 사라진 통증들이다시 늘어나지 않게 유지하는 것이 치료되는 자세안정유지인 것입니다.반대로 의미는운동 스트레칭 잘못된 방법들을 배우고 익혀서따라하다가 순식간에 디스크가 돌출되거나 파열도 되어 악화되기도 하고돌이키기 어려운 악화된 상황까지 순식간에 또는 서서히 누적되며 진행되기도 합니다.그동안 몸을 열심히 스스로 악화시키는 운동을 하지는 않았는지?그동안 하나마나했던 방법으로 시간만 낭비하고 회복이 더디게 유지하도록 하지는 않았는지?해왔던 방법이 치료작용 효과가 조금이라도 있어서 그나마 이만하게라도 유지되는지?정확한 방법을 따라하면시행하는 즉시 통증들의 변화가 회복되는 쪽의 느낌으로 변합니다.​정확히 하는 즉시 통증들이 줄어들거나 사라지기도 합니다.이런 운동 체조 스트레칭을 해야 합니다.​가장 흔한 원인이 되고 근본 원인이 되는 것은 척추뼈 정렬을 바르게 유지하지 못한 것입니다.척추와 연관된 대표 증상들 중에우선 목뼈 정렬과 관련된 증상들 중에 일부 증상들을 쉽게 해소한 사례들을 살피세요.​척추 통증 표준베개 아이피 사례 ☜...   신경 표준베개 아이피 사례 ☜...  ​ 두통 표준베개 아이피 사례 ☜...  ​ 머리 통증 표준베개 아이피 사례 ☜...  ​ 안구 통증 표준베개 아이피 사례 ☜...  ​ 비염 코막힘 표준베개 아이피 사례 ☜...  ​ 이명증 표준베개 아이피 사례 ☜...  ​ 목통증 표준베개 아이피 사례 ☜...  ​ 어깨통증 표준베개 아이피 사례 ☜...  ​ 팔저림통증 표준베개 아이피 사례 ☜...  ​ 손가락저림통증 표준베개 아이피 사례 ☜...  ​ 호흡곤란, 수면무호흡증 표준베개 아이피 사례 ☜... ​다음은목디스크가 있는 경우 흔히 있는척추측만증이나 허리디스크 비틀린 골반에 의한 증상들 중에 일부증상들입니다.위장 소화관련 표준베개 아이피 사례 ☜...    ​심장 부정맥 순환불량 표준베개 아이피 사례 ☜...   하복부 표준베개 아이피 사례 ☜...   불임 유산 자궁 표준베개 아이피 사례 ☜...   소변 방광 신장 표준베개 아이피 사례 ☜...   생리 표준베개 아이피 사례 ☜...   설사 변비 표준베개 아이피 사례 ☜...  ​ 치질 항문 표준베개 아이피 사례 ☜...  ​ 허리통증 표준베개 아이피 사례 ☜...  ​ 엉덩이 표준베개 아이피 사례 ☜...  ​ 골반 표준베개 아이피 사례 ☜...   치질 항문 표준베개 아이피 사례 ☜...  ​ 꼬리뼈 표준베개 아이피 사례 ☜...  ​ 다리저림통증 표준베개 아이피 사례 ☜...  ​ 발저림통증 표준베개 아이피 사례 ☜...척추를 스스로 바르게 유지하여자신의 몸이 스스로 회복시키는 자가  회복 기능은 상상을 초월합니다.​모든 질환은 원인을 제거하고더 악화되지 않게 유지하면 스스로 회복되는 것입니다.​발병 원인을 찾아야 하고스스로 악화시키지 않는 방법을 찾지 못하고스스로 회복시키는 방법을 찾지 못하면 평생 치료해도 회복 불가능합니다.​수술을 해도 재발됩니다.치료에 있어서 가장 중요한 것은 스스로 회복시키는 것입니다.​비틀린 척추가 된 원인을 잘 알고스스로 정확히 해소할 수 있어야 합니다.수술 이후 회복된 이후의 관리는 환자의 책임입니다.​수술 시술 후에 다시 재발되는 것은 병원에서 a/s 불가능합니다.​수술 시술 후에 관리를 잘못하면 재발됩니다.재시술 재수술을 하는 경우도 많습니다.​시술 수술을 다시 했어도 완벽하지 못한 회복되는 경우도 있습니다.​이러한 악순환으로 연결되는 사례들 많습니다.​목수술3회 허리수술2회 총 5수술을 했어도 회복이 되지않던 환자도스스로 회복되도록 조치하니 쉽게 치유된 사례도 있습니다.​가벼운 환자라도 다음 내용을 꼭 살펴야 합니다.​수술 후에도 회복되지 못한 중증환자,또는수술진단 받은 중증환자들이스스로 회복시키고 재발되지 않게 관리하는 치료법을 찾아 그 사례들을 살피세요중증 환자들을 완벽하게 회복하지 못하는 치료사례의 경우는,가벼운 환자도 완벽하게 회복시키지 못합니다.지금 지닌 증상들로 병원 등의 치료를 하다가,다른 증상들이 더 발생되는 경우도 있습니다.​호소하시는 증상들이 한꺼번에 쉽게 회복된 사례들을 먼저 살피세요.치료된 사례들을 살피면서,얼마나 빨리 경제적으로 완벽하게 재발없이 회복된 사례들이 있는지 비교하시면 답이 나옵니다.허리디스크 목디스크 일자목 척추측만증의 원인은잠 잘 때 베개가 바르지 못한 경우일상 생활 자세나 업무 자세가 잘못된 경우교통사고나 추락사고 충돌 충격 등의 외부 충격에 의한 경우​잘못된 운동에 의한 경우 또는 영양 부족이나 노화에 의한 퇴행화된 경우​척추 사이의 디스크가 변형되어 신경을 자극하게 되는 병입니다.​신문 방송 인터넷에서 광고가 너무 좋아서 좋다는 베개를 구입하여 조금의 효과를 봤지만,​그 베개가 완벽한 효과를 내지 못하는 베개가 되어 회복을 방해하고 있는 것이,지금의 지옥같은 생활을 하게 하는 것임을 인지하지 못하는 경우에는,베개 수명보다 더 긴 세월을 지옥에서 같은 고생하게 됩니다. 알고 있는 좋다는 운동 스트레칭 생활자세들이그동안 은근히 회복을 방해하는 것들이라면그 방법의 문제를 인지하지 못하고 계속한다면비싼 치료에도 더 악화되는 것 재발을 반복하는 것이 되어평생을 고생합니다,​허리디스크 목디스크 일자목 척추측만증 치료의 기본은1. 편안한 잠을 자면서 통증없이 잠자고 아침에도 개운하게 하는 치료표준베개.2. 치료되는 정확한 자세 유지. 치료스트레칭, 치료체조, 치료운동의 정확한 방법시행.치료운동, 치료스트레칭, 치료체조, 예방 운동, 예방 스트레칭, 예방 체조,치료목적과 예방목적의 등급은 매우 큰 차이가 있습니다.​인터넷의 여러 운동체조 스트레칭 자료들 신중하게 선택하고 시행해야 합니다.​그런 방법들 무작위로 따라하다가 스스로 더 심각하게 악화시킨 사례들 아주 아주 많습니다.​3. 부족하지 않는 균형잡힌 영양공급과 적절한 약물치료.​이 세가지로도 스스로 회복이 진행되지 않으면외력에 의한 교정이나 수술 또는 시술을 해야 하는 심한 증증 환자입니다.​치료방법 매우 다양합니다.​빠르게 완벽하게 재발없이 회복하고 싶다면그렇게 회복된 사례들을 살펴야 합니다.허리디스크가 있는 경우 일자허리 목디스크나 일자목까지도 영향을 받습니다.​목디스크 표준 아이피 베개 ☜.. ​  목디스크 표준 스트레칭 아이피 베개 ☜.. ​  허리디스크 표준베개 아이피 사례 ☜... ​  허리디스크 표준스트레칭 베개 아이피 사례 ☜...​목디스크 어깨통증 허리디스크로 여러 치료를 받아도 회복되지 못하다가주사 치료에도 효과없거나 재발된 환자시술에도 차도 없고 수술 권유를 받았던 환자가수술 후에도 회복되지 못하거나 더 악화된 환자가모든 치료 중단하고 치료작용을 하는 베개만으로스스로 쉽게 빠르게 회복된 사례들을 찾아 살피세요.디스크 주사 표준베개 아이피 사례 ☜...   디스크 시술 표준베개 아이피 사례 ☜... ​  수술 목디스크 표준베개 아이피 사례 ☜.. ​  수술 허리디스크 표준베개 아이피 사례 ☜... ​수술 외에는 방법이 없다는 퇴행성 디스크도 치료된 사례들​퇴행성 허리디스크 표준베개 아이피 사례 ☜... ​  퇴행성 목디스크 표준베개 아이피 사례 ☜.. ​치료된 사례들을 살필 때허리디스크 목디스크와 관련된 수 많은 증상 질환 통증들이 바꾼 베개만으로 한꺼번에 회복되고척추와 관련된 더 많은 증상 질환 통증들까지도 회복된 그런 베개를 찾으면빠른 회복에 큰 도움 됩니다.​목디스크 허리디스크 환자는일자목, 경추후만증, 척추측만증, 비틀린 골반 등을 병행한 경우가 대부분입니다.일자목 표준베개 아이피 사례 ☜... ​  경추후만증 표준베개 아이피 사례 ☜...  ​ 역커브c자목 표준베개 아이피 사례 ☜...   척추측만증 표준베개 아이피 사례 ☜...​척추가 비틀린 허리디스크 통증 다리저림 엉덩이통증10분 이내에 통증들이 최소화되거나 완전히 사라지는 상태가 되게 하는베개모양으로 잠을 자게 만들어잠자면서 아프지 않고 더 편안한 잠을 자게 하고아침에 깨어나 눈을 떴을때 아프지 않게 하고낮에 아프려고 하면스스로 아프지 않게 자세를 교정하고더 바른 척추정렬이 되도록 스트레칭을 하게 하여다른 어떤 치료도 없이 스스로 회복시킨 사례들을 찾아 살피세요.​수술진단 허리디스크 목디스크 어깨통증 팔통증으로 수술권유 받은중증 환자라도 1~4주 만에 스스로 회복시킨 사례들을 찾아 살피세요수술 후에도 여러 치료에도 회복되지 못한 증상들도 베개만으로 스스로 회복된 사례들,가벼운 초기 목디스크 허리디스크 환자는 2~3일만에도 완벽에 가깝게 스스로 회복됩니다.그런 사례글들은조작된 글이 아니면서과대 과장된 표현을 하지 않는 글이면서그 글의 작성사례자의 입증이 확실한 글이면서해당 질환 증상들이 한꺼번에 회복된 사례들을을 찾아야 하며글들마다 아이피 주소가 오픈된 그런 글들만 믿어야 합니다.​믿지 못할 정도의광범위하고 많은 종류의 질환들이 회복되는 효과 사례들과 살피는 것과 함께자신이 지닌 모든 증상들이 회복된 사례들이 있는지 살펴야 합니다.​치료법이나 베개 침대 선택이 잘못되면 완벽한 회복에 도달하지 못할 뿐만아니라도리어 더 악화된 경우도 있고 새로운 질환이 발병되는 경우도 많습니다.​글들마다 아이피(ip)주소가 오픈된 글들을 좀 더 믿어야 하며가장 많은 사례글들 가장 광범위한 치료 효과, 치유된 사례글들이 있는 내용만 믿어야 합니다. ​표준베개 아이피(ip)사례 ☜...​더 확실한 것은 경찰 검찰 공정위 식약처 등의,정부 기관에서 사실 여부 조사를 수차례 했던 게시판 글들은 100% 믿어도 됩니다.사례글들을 살피면서사례글 작성에 경품 상금 등이 걸린 이벤트로 인한허위 과대 과장 글에 현혹된 경우 오랜 세월 또는 평생을 고생하기도 합니다.쉬운치료 빠르고 확실한 치료 완벽한 치료 재발없는 치료 방법그런 사례들을 더 찾아 살피려면 아래 출처자료 더 살피시면 더 큰 도움됩니다.​십 수 만 명의 척추 질환을 회복시켜본 경험의 결론은스스로 자가근육으로 교정 회복하며 교정되는 침상에서 교정유지하는것 방법이가장 완벽하게 교정 회복되고 가장 오래 유지되고 안전한 방법이 됩니다.​두개골 척추(경추 흉추 요추 미골 골반) 정렬 관련 질병 통증 명칭 1300가지 중에 430여가지 질환 통증 한꺼번에 회복시킨 사례들 다시 더 보기☜클릭​빠른 회복, 완벽한 회복 재발없이 회복유지되어 건강한 행복한 생활 되기를 바랍니다."
허리디스크관련 질문드립니다. 시술 및 후유장해관련,2018년 8월경 낙상사고로 인하여 허리가 아파 9월경 MRI 촬영을 하였습니다.그당시 HIVD L3-4-5 요통 및 좌측하지방사통 이라는 초진을 받았습니다.시술을 권유받았으나 주변의 만류로 허리쪽에 주사만 한대 맞고 집에서 찜질 및 운동을 하면서지내왔습니다. 허나 주사시술 후 통증이 없어졌다가 다시 통증이 생기고 있어서 시술을 해야 될지말아야 될지 고민입니다.시술을 하게되면 효과는 있는지 여부와 시술 후 회복기간이 어느정도 될까요?병원에서는 3-4일이면 정상생활하는데 전혀문제가 없다고 합니다.그리고 해로 인한 후유장해 판정을 받을수 있는지 궁금합니다.통증만 있다고 후유장해 판정을 받을수 있을까요?시술을 해야만 후유장해판정을 받을수있을까요?,"시술의 효과는 환자마다 다르기 때문에 무조건 좋다고 말씀드릴 수가 없습니다 호전을 보셨던 분도 있고 호전이 있었으나 시간경과에 따라 없어지는 경우도 있고 매우 다양한 경우가 있습니다지급률 장해에서는 시술 여부로 인한 후유장해 평가가 아닌 추간판을 2마디 이상 수술 하거나 하나의 추간판이라도 2회 이상 수술하고 마비신경증후군이 발생하여 하지의 현저한 마비 또는 대소변 장해가 있는 경우에 인정될 수 있으며 이 외에도 하지방사통, 근전도 이상, 불완전 마비 등 증상이 있을시(수술 과 상관없음) 인정될 가능성은 있습니다후유장해 관련 자세한 상담을 원하시면 아래 오픈카톡을 통해 연락주시기 바랍니다https://open.kakao.com/o/s7Z0wdS"
허리디스크관련 질문드립니다. 시술 및 후유장해관련,2018년 8월경 낙상사고로 인하여 허리가 아파 9월경 MRI 촬영을 하였습니다.그당시 HIVD L3-4-5 요통 및 좌측하지방사통 이라는 초진을 받았습니다.시술을 권유받았으나 주변의 만류로 허리쪽에 주사만 한대 맞고 집에서 찜질 및 운동을 하면서지내왔습니다. 허나 주사시술 후 통증이 없어졌다가 다시 통증이 생기고 있어서 시술을 해야 될지말아야 될지 고민입니다.시술을 하게되면 효과는 있는지 여부와 시술 후 회복기간이 어느정도 될까요?병원에서는 3-4일이면 정상생활하는데 전혀문제가 없다고 합니다.그리고 해로 인한 후유장해 판정을 받을수 있는지 궁금합니다.통증만 있다고 후유장해 판정을 받을수 있을까요?시술을 해야만 후유장해판정을 받을수있을까요?,손해사정법인의 보상팀장입니다. 후유장해보상에대한 답변을 드리도록하겠습니다.후유장해보험금 보상이 가능하리라 판단됩니다.하지만 디스크 자체가 상해사고와 질병적인부분 모두를 포함하고있고 의학적으로는 상해보다는 질병에 가깝기 습니다. 때문에 질문자님이 청구할 보험금이 상해후유장해라고한다면 디스크의 상해와 질병사이에서 보험사와의 분쟁은 발생될 것입니다.그리고 영구적인 장해와 한시적인 장해를 가지고 분쟁이 발생합니다.실질적으로 후유장해보험금은 영구적인 장해에 한해서 보상된다고 보시면 됩니다. 한시장해5년의 경우는 받아야할 보험금의 20%를 준다고 하지만 실질적으로 보상받는 보험금이 거의 없다고 보시면 됩니다. 디스크에대한 후유장해보험금의 경우 분쟁의 요소가 너무 많습니다.환자분의 상태에대해 확인을 하고 업무진행 가능한지 판단 할 수있습니다.섣불리 장해진단서를 받으시면 이후에 보상이 어려울 수있습니다.한번작성된 장해진단서에대해 번복하기란 불가능에 가깝기 때문에 보상에있어서 유리하게 작성이 잘되어야 합니다. 반드시 전문가와 상담을 해보시길 권해드립니다.보상관련 궁금하시거나 업무진행 원하신다면 네임카드의 연락처로 문의바랍니다.
과민성 방광이 심한 고3 남학생입니다 제가 학교만가면 과민성 방광이 심한데 어느정도냐면 제가 앉아서 싸는데 싸고나서 잔뇨? 감이 심해서 다시 앉아있으면 조금씩나오는데 그렇게싸야 좀 안심이 됩니다 근데 그러다보면 엉덩이 바로위쪽 등? 이 땡길때가 가끔 있더라구요 오늘은 엄청심했는데 쉬는시간에 오줌싸러 가서 변기에 앉아있으면 처음에는 싸고 두번째 싸려고 앉아있는데 3분간격으로 줄줄 새듯이 계속 나오더라구요 일단 수업시간은 늦을까봐 대충마무리하고 반으로 갔는데 10분도 안돼서 너무 급해가지고 화장실 가서 싸고 왔는데 갔다와도 계속 마렵더라구요 왜그런걸까요 월요일이라 스트레스가 심했던걸까요? 다른날은 안그랬는데 오늘은 엄청심했네요 제가 과민성 대장증후군도 심해서 간헐적단식(5일차) 아침은 안먹는데 오늘은 사과 한조각 먹었는데 그것때문일까요? 아니면 너무긴장한걸까요? 어떻게해야할까요,"... 울화병이 있을 땐 어느 병원을 가야하나요? 안녕하세요, 닥톡-네이버 지식iN 상담한의사 김하나입니다. 현재 울화가 치밀고 화병이 일어나는데 어느 병원을 가서 진료를...",방광염등의심할수있네요큰병원비뇨기과캐어하세요진단도움줄거네요빠른회복되시기바랍니다.,https://kin.naver.com/qna/detail.naver?d1id=7&dirId=7010105&docId=323953773&qb=7Ja064qQIOuzkeybkA==&enc=utf8&section=kin&rank=130&search_sort=3&spq=0
과민성 방광이 심한 고3 남학생입니다 제가 학교만가면 과민성 방광이 심한데 어느정도냐면 제가 앉아서 싸는데 싸고나서 잔뇨? 감이 심해서 다시 앉아있으면 조금씩나오는데 그렇게싸야 좀 안심이 됩니다 근데 그러다보면 엉덩이 바로위쪽 등? 이 땡길때가 가끔 있더라구요 오늘은 엄청심했는데 쉬는시간에 오줌싸러 가서 변기에 앉아있으면 처음에는 싸고 두번째 싸려고 앉아있는데 3분간격으로 줄줄 새듯이 계속 나오더라구요 일단 수업시간은 늦을까봐 대충마무리하고 반으로 갔는데 10분도 안돼서 너무 급해가지고 화장실 가서 싸고 왔는데 갔다와도 계속 마렵더라구요 왜그런걸까요 월요일이라 스트레스가 심했던걸까요? 다른날은 안그랬는데 오늘은 엄청심했네요 제가 과민성 대장증후군도 심해서 간헐적단식(5일차) 아침은 안먹는데 오늘은 사과 한조각 먹었는데 그것때문일까요? 아니면 너무긴장한걸까요? 어떻게해야할까요,"... 울화병이 있을 땐 어느 병원을 가야하나요? 안녕하세요, 닥톡-네이버 지식iN 상담한의사 김하나입니다. 현재 울화가 치밀고 화병이 일어나는데 어느 병원을 가서 진료를...","배뇨 관련 여러 증상들로 걱정이 많으시겠습니다.. 과민성방광이 맞다면 별다른 감염이나 염증에 의해 발생하기보다는 내부적인 문제나 심리적인 요인에 의해 발생하는 경우가 많습니다. 과민성 대장증후군도 있다고 하시는걸 보니 아무래도 몸이 쉽게 지치고 예민한 편이거나, 스트레스를 너무 많이 받으시는게 아닌가 싶습니다. 써주신것만 보고서 정확하게 이유가 뭐다라고 말씀드리기가 힘드니 꼭 정확한 진단을 받아보시길 권해드리는데요, 과민성방광에는 한의학적인 치료를 권해드립니다. 내부적인 문제를 뿌리뽑아야 재발을 막을 수 있으니 전반적인 신체기능을 바로잡기 위해서는 한방이 좋을듯 보이네요. 자세한 치료방식에 대해서는 손기정박사님께 문의드리는게 어떨까 싶은데요, 손박사님은 논문이나 저서를 통해 한방치료의 효과를 입증하셨으며, 수많은 치료사례들이 이를 뒷받침하고 있습니다. 또한, 25년 이상 관련질환을 연구, 치료 해오고 계시며, 과민성/난치성방광에 대해서도 치료가 잘 되고 있으며 체질에 맞게 다른 문제들도 해결되고 있다고하니 많은 도움 받으실 수 있을 것 같아 알려드립니다. 그럼 제 답변이 조금이나마 도움이 되셨기를 바라고, 빠른 쾌유를 빌겠습니다."
과민성 방광이 심한 고3 남학생입니다 제가 학교만가면 과민성 방광이 심한데 어느정도냐면 제가 앉아서 싸는데 싸고나서 잔뇨? 감이 심해서 다시 앉아있으면 조금씩나오는데 그렇게싸야 좀 안심이 됩니다 근데 그러다보면 엉덩이 바로위쪽 등? 이 땡길때가 가끔 있더라구요 오늘은 엄청심했는데 쉬는시간에 오줌싸러 가서 변기에 앉아있으면 처음에는 싸고 두번째 싸려고 앉아있는데 3분간격으로 줄줄 새듯이 계속 나오더라구요 일단 수업시간은 늦을까봐 대충마무리하고 반으로 갔는데 10분도 안돼서 너무 급해가지고 화장실 가서 싸고 왔는데 갔다와도 계속 마렵더라구요 왜그런걸까요 월요일이라 스트레스가 심했던걸까요? 다른날은 안그랬는데 오늘은 엄청심했네요 제가 과민성 대장증후군도 심해서 간헐적단식(5일차) 아침은 안먹는데 오늘은 사과 한조각 먹었는데 그것때문일까요? 아니면 너무긴장한걸까요? 어떻게해야할까요,"... 울화병이 있을 땐 어느 병원을 가야하나요? 안녕하세요, 닥톡-네이버 지식iN 상담한의사 김하나입니다. 현재 울화가 치밀고 화병이 일어나는데 어느 병원을 가서 진료를...","그 심정 충분히 이해가 됩니다.과민성 방광은 염증성 질환의 일종으로 재발없이 깨끗하게 치유할수 있습니다.드시는 약은 또 다른 부작용이 있으니 신중하게 생각하시고  스스로의 자가 면역항체 능력을  증강시키시기 바랍니다. (염증이 있기에 잔뇨감이나 통증을 느끼게 됩니다.)체질적으로  약하거나 너무 피곤이 겹치면서  장내 면역력이 떨어지거나 신체의 면역시스템이고장이 나서 생기는 질환으로 누구나 노출될수 있기에 잘 읽어 보시고 참고 하시기 바랍니다.외부의 항원에 대응 그 순간장내 가 예민하여 유해균의 증가로 인해 면역력이 떨어지다 보니 그렇다고 하겠습니다. 장내 환경은  드신 음식으로 장내소화 흡수시 유해균의 증가로 인해 항체 불균형을 이루거나 장내 알러지성으로 인한 트러블로(IgE 항체의 증가) 가려움증을 동반하면서 유발되게 되는 경우가 많습니다. 처방으로 인한 양약은  장내 유해균과 유익균을 동시에 사멸시키면서  장내 좋은 유익균이 증식할수 있는 환경마저 변형시키고 간기능마저 악화시키며 리바운딩현상으로 그전보다 더 심하게 악화되어 고통에 시달리고 있으니 신중하게 고민하시기 바랍니다.장내 환경을 그대로 말해 준다고 보시면 됩니다.주로 장내 균총은  외부의 음식이나 스트레스로 인하여 수시로 유해균이 많이지면서 정상세균총이 깨지면서 면역력이 떨어지기 때문에 유발되게 됩니다.옛말에도 잘먹고 잘자고 잘싸면 건강하다고 하면서 속부터 고치라는 말을 하면서장건강이 건강의 척도로 장건강을  강조 하였습니다. 가장 중요한 역할을 하는 것이 소장의 면역체계입니다.소장점막의 장면역체계는 체내에서 필요한 영양흡수를 원활하게 하는 동시에 유해물질의 유입을 효과적으로 차단하는데, 이 면역체계는 여러가지 유익균에 의한 정상세균총에의해 유지되지만 어떤 원인에의해 장내세균총의 비율이 깨지면 발생합니다 우리몸은 세균숲 즉 영어로 바이옴이라고 합니다. 그 만큼 예민하다고 보시면 됩니다.즉 내가 피곤하면 내 몸의 균들도 스트레스를 받게 되어 장내 유해균이 증가하여 장내 항체 불균형을 이루거나 면역력이 떨지기 때문입니다.유산균은 항염성 .항진균성, 항체 조절능력 , 세포재생력에 뛰어난 효과를 보여주기에  장내 좋은 유익균으로 면역력을 증강시키면 됩니다.숙성된 신 김치에서 추출한 유익균이 장내로 들어오게되면 IgE항체를 유도하는 나쁜 박테리아들을 항균작용하고 장벽을 감싸주어 장벽의 길이가 정상인의 길이로 돌아오면서 배변활동이 원활하게 되어 자연스럽게 치유가 되고 뇌에서는 행복의 호르몬인 세로토닌의 분비가 촉진되어 피부는 피부대로 깨끗해지고 기분이 좋은 마인드로 건강이 챙겨지게 되는 것입니다!보통은 돼지고기 닭고기 ,밀가루 음식,라면 , 계란 , 우유,등에서 유해균을 많이 증가 시키므로  트러블을 가저올수 있으니 이런 음식은 피해주시고  된장국이나 청국장, 물에 데치거나 찌거나 삶은것이 좋습니다. 하지만 그 어떤 음식이든 장내 환경이 유익균으로 정상세균총을 이루면  바나나와 같은 노란 황금색변을 보면서 깨끗해 집니다.우리몸은 자가항체 면역력을 가지고 있기에 그때그때 유익균으로 외부의 항원에 대응 항체를 만들면서 살아가게 되나  항체를 만들수 있는 능력이 떨어지기에 장내 좋은 유익균의 섭취를 통해서 면역력을 증강시켜 주시기 바랍니다.,장내 꼭 필요한 유산균도 꼼꼼히 따져 보시고 신중하게 결정하시기 바랍니다, 균주중에서도 얼마나 건강한지  얼마나 완벽한 코팅으로 장내 까지 살아갈수 있는 지와  어떤 성분 (식물성)인지 가  중요 합니다.그 중요한 유산균의 탁월한 효과는 네임카드의 사용후기를 보시면 됩니다.   (장내 좋은 유익균으로 면역력이 증강되면 피부염으로 인한 트러블이 깨끗해지는 모습)호랑이 굴에 들어가야 호랑이도 잡을수 있는 법이며  지혜로운 사람은  기회가 왔을 때 그 기회를 놓치지 않기에  항상 기쁨을 누리고 계십니다.더 자세한 실제 치유된 수없이 많은 사례와 정확한 정보는 윗 상단의 원형 사진을 보시면 됩니다. 보시고 도움이나 이해가 되셨으면 꼭 채택이나 추천해 주세요.감사합니다.(더 자세한 정보는 네이버 정책상 홍보로 오인될수 있으니tenstens@hanmail.net으로 본인의 연락처를 남겨 주시거나 내용을 주시면 바로 답변 드리겠습니다.)"
3 주전에 목에 하얀색 염증이 생겨서 열이 나서 항생제 처방 받았으나 조금 호전 됬습니다. 2 주후 계속 목이 붓고 염증이 지속 됬고 온몸에 몸살이 온것 같이 나른하고 운동회 다음날 같이 근육이 뻐끈하고 왼속이 잘 움직이지 않습니다. 인터넷 검색 중 전염성 단핵증으로 의심가는데 어느 과의 병원 진료로 가봐야 되나요 ? 이빈후과 ? 내과 ? 신경과 ?,"... 울화병이 있을 땐 어느 병원을 가야하나요? 안녕하세요, 닥톡-네이버 지식iN 상담한의사 김하나입니다. 현재 울화가 치밀고 화병이 일어나는데 어느 병원을 가서 진료를...",안녕하세요. 하이닥-네이버 지식iN 상담의 이상욱 입니다.가까운 가정의학과나 이비인후과에서일단 먼저 진료를 보시고 의심되는 질병에 대하여필요한 검사를 받으시면 되리라 생각합니다.감사합니다.,https://kin.naver.com/qna/detail.naver?d1id=7&dirId=70108&docId=323953121&qb=7Ja064qQIOuzkeybkA==&enc=utf8&section=kin&rank=131&search_sort=3&spq=0
"자꾸 입술 주변에 이상한 두드러기? 오돌토돌 한게 나요ㅠ 이거 뭐예요? 내공 40 장난글, 욕설 신고.","... 울화병이 있을 땐 어느 병원을 가야하나요? 안녕하세요, 닥톡-네이버 지식iN 상담한의사 김하나입니다. 현재 울화가 치밀고 화병이 일어나는데 어느 병원을 가서 진료를...","안녕하세요^^현재 피부염이 의심되는 증상이 나타나 문의주셨군요.올려주신 사진상만으로는 정확한 증상을 판단하기는 어렵지만,증상이 지속된다면 다시 병원에 내원하셔서 정확한 진단과 치료를 받으시기 바랍니다.먼저 위의 의문사항들에 대해서 아래에 설명이 조금이나마 도움이 되었으면 합니다.  질병은 세포의 손상(cell injury)으로부터 시작됩니다.세포의 손상은 염증(炎症, inflammation))입니다. 세포의 손상은 압력, 온도, pH, 저산소증, 전기장, 자기장, 전해질, 중금속, 약물, 환경 여건 등 다양한 요인들에 의해서 쉽게 손상을 받게 됩니다. 너무나 다양한 요인들로 인해서 환자분들은 전혀 인식하지 못한 채 질병에 걸리게 됩니다. 세포가 손상을 받는 순간 세포 내 미토콘드리아에서의 ATP 합성장애로 인해서 열에너지 발생량이 줄어듭니다. 이때 뇌를 포함한 오장 육부의 온도인 심부온도(Core temperature)가 저하됩니다. 체온조절중추인 시상하부(Hypothalamus)에서는 체온을 보존, 유지하기 위해 모공을 닫게 됩니다. 이후 식사, 운동 등의 일상적인 생활을 하게 되면 몸속에서 열에너지는 발생됩니다. 그 발생된 열에너지는 구멍 관절 마찰이 많은 부위로 이동 방출하게 되는데 그 방출되는 부위의 피부 및 조직의 온도가 상승됩니다. 이때 염증(炎症, inflammation)이 되는 것입니다. 피부온도가 상승될 때 발적(發赤), 발진(發疹), 홍조(紅潮), 홍반(紅斑), 따가움, 화끈거림, 심할 경우엔 찌르는 듯한 통증(痛症)까지 나타나는 염증성 증상(炎症性 症狀)들이 나타나게 됩니다. 한편 온도는 표면장력에 반비례합니다. 즉 온도가 상승되면 될수록 표면장력은 약해집니다. 즉 압력과 밀도가 낮은 공간으로 밀어내는 힘이 강해집니다. 대체적으로 융기, 돌출, 비대, 팽창과 같은 조직의 변형이 오게 됩니다. 대표적인 증상으로는 구진(丘疹), 팽진(膨疹), 수포(水疱), 농포(膿疱), 결절(結節), 종기(腫氣), 종양(腫瘍)과 같은 융기성 증상(隆起性 症狀)들이 나타날 수 있습니다. 모공이 장기간 닫히게 되면 피부로의 수분공급량이 줄어드는데 피부는 건조, 균열, 태선화의 과정을 거치게 되며 각질세포간의 점착성이 줄어들 때는 인설, 각질, 가피 등과 같은 탈락성 증상들이 나타나게 됩니다. 아울러 몸속에서 발생된 열에너지가 몸 밖으로 원활하게 방출이 되지 못할 경우엔 강제적으로 모공을 열기 위한 본능적 행위인 가려움증(소양증, pruritis)까지 나타날 수 있습니다. 그런데 단순히 발적과 가려움증 미세한 구진 등의 증상만 있다면 단순 피부염(皮膚炎Skin Dermatitis)이라고 진단을 내리게 됩니다.  그리하여 피부염증을 근본적으로 치료하려면 아래와 같은 3대 치료원칙을 제안합니다. 첫째 높아져 있는 피부온도는 낮춰야 합니다.피부온도가 낮아질 때 발적 발진 따가움 홍조 홍반 따가움 화끈거림 등과 같은 염증성 증상들이 완화되거나 치료될 수 있습니다. 하지만 피부온도는 낮추기 위해 세포 열에너지대사를 억제하는 약물의 사용은 정말 조심해야 합니다. 그 이유는 심부온도까지 저하될 우려가 있기 때문입니다. 둘째, 닫혀져 있는 모공은 열어야 합니다.모공을 통해서 열에너지는 전도, 대류, 복사, 증발 4가지 타입으로 쉽게 높은 에너지 준위에서 낮은 에너지 준위로 이동, 방출하게 됩니다. 어느 한 부위로 과도하게 쏠려서 방출되지 않아서 열에너지가 중첩 교차되는 현상이 피부나 조직에서 발생치 않게 됩니다. 이때 피부 및 조직에서의 온도가 상승되지 않아 쉽게 염증이 발생치 않게 됩니다. 아울러 강제적으로 모공을 열어 열에너지를 방출하려는 본능적 행위인 가려움증까지 발생치 않게 됩니다. 셋째, 낮아져 있는 심부온도는 높여야 합니다.뇌를 포함한 오장육부의 세포 열에너지대사가 활발해질 때 심부온도는 상승됩니다. 이때 혈관은 확장되고 혈류 흐름은 좋아집니다. 당연히 혈액속에 존재하는 면역세포들인 백혈구 적혈구 임파구 혈소판 형질세포들의 활동량이 또한 증가되어 면역력 또한 증강될 수 있습니다. 상기와 같이 피부온도는 낮추고, 모공은 열어주고, 심부온도는 높이는 방법에는 약물요법, 식이요법, 생활요법,운동요법 등이 있습니다. 피부염증을 치료함에 있어 약물요법이 제일 중요한데 약제로는 온중산한(溫中散寒), 발한해표(發汗解表), 청열해독(淸熱解毒)의 약효가 있는 약제들을 선택합니다. 심부온도는 높이고 피부온도는 낮추고 모공은 열어 전신으로 열에너지를 분산 방출시켜 줄 때 열에너지의 중첩, 교차현상이 발생치 않아 염증치료가 가능합니다. 식이요법도 중요합니다. 음식 하나하나가 약이라는 생각으로 무엇을 먹고, 먹지 말아야할지를 정확히 이해해야 합니다. 음식물의 물성(物性)을 이해할 때 음식 선택의 기준을 잡을 수 있습니다. 대체적으로 가공음식, 기름진 음식, 날 음식, 점성이 높은 음식 등은 피하는 것이 좋습니다. 생활요법도 중요한 포지션을 차지합니다. 항상 규칙적이고 안정적인 생활을 하는 것이 좋습니다. 장거리 여행을 하거나 늦게 취침을 해도 염증이 악화될 수도 있습니다. 운동요법도 권장합니다. 움직여서 땀이 날 정도로 운동을 하면 좋습니다. 하지만 수영, 스킨스쿠버, 훌라후프 등의 운동은 삼가는 것이 좋습니다. 마지막으로 피부염증을 치료함에 있어 주의해야 될 내용들이 있습니다. 1)피부온도는 높이는 물리적 자극을 피하는 것이 좋습니다.2)모공을 닫는 보습제나 오일은 삼가는 것이 좋습니다 치료 후 사용하시기 바랍니다.3)심부온도를 낮추는 찬 물이나 찬 과일 그리고 차가운 환경 등은 조심하는 것이 좋습니다. 기타 피부염증에 대한 궁금증 풀이 1). 왜 수포 농포와 같은 포진이 생기나요? 피부온도가 급상승되어 표면장력이 약해져 피부 밖으로 밀어내는 힘이 강해지기 때문입니다. 2). 왜 피부염증에 가려움증이 생기나요? 세포손상으로 열발생량이 줄어들 때 모공을 닫게 되는데 이때 열에너지가 원활하게 방출이 되지 못해서 강제적으로 모공을 열려고 하기 때문입니다. 3). 왜 긁고 나면 피부가 붉어지거나 검게 변하는가요? 세균이 체내로 침입했다고 피부가 붉어질까요? 아니면 면역력이 약해지거나 교란되어 붉어질까? 모두가 넌센스입니다. 긁게 되면 마찰열이 발생되어 그 부위의 피부 모공이 강제적으로 열리게 됩니다. 이때 모공을 통해서 체내의 열에너지가 방출되고 그곳의 피부온도가 상승되면서 붉어지거나 검게 변하게 되는 것입니다. 4). 왜 긁고 나면 피부가 따갑거나 화끈거리나요? 화상을 입을 때에도 피부가 따갑거나 화끈거립니다. 이는 외부에서 열이 가해진 경우이지만 내부에서 열에너지가 과도하게 쏠려도 그와 똑같은 현상이 발생하게 됩니다. 5). 왜 긁고 나면 피부가 붓거나 융기현상이 생기나요? 긁은 부위로 열에너지가 방출되고 피부온도가 상승하게 되면 그 주변의 혈관이 확장되고 혈류량이 많아져 붓게 됩니다. 한편 피부온도의 상승은 표면장력(Surface tension)이 약화되어 압력과 밀도가 낮은 부위로 힘이 생겨 피부밖으로 밀어내는 힘은 더 강해집니다. 이때 구진, 팽진, 종기과 같은 피부융기현상이 발생되는 이유입니다. 6). 왜 대체적으로 저녁에 가려움증이 더 심해지는가요? 낮보다는 밤이 되면 사람의 활동량도 떨어질 뿐만 아니라 하루 중 심부온도 또한 오후 6시부터 낮아지게 되어 모공은 더 닫히게 되고 피부로의 열방출은 더 곤란해지기 때문입니다. 7). 왜 생리 전후에 더 가려움증이 심해지나요? 생리 전후에는 심부온도가 저하되고 배란기에는 심부온도가 상승됩니다. 심부온도가 저하될 때 모공은 더 닫혀 구멍이 많거나 마찰이 많은 부위로 열쏠림 현상은 더 심해져 가렵습니다. 피부염증, 치료될 수 있습니다. 활기찬 하루되세요!!",https://kin.naver.com/qna/detail.naver?d1id=7&dirId=70111&docId=323951877&qb=7Ja064qQIOuzkeybkA==&enc=utf8&section=kin&rank=132&search_sort=3&spq=0
"자꾸 입술 주변에 이상한 두드러기? 오돌토돌 한게 나요ㅠ 이거 뭐예요? 내공 40 장난글, 욕설 신고.","... 울화병이 있을 땐 어느 병원을 가야하나요? 안녕하세요, 닥톡-네이버 지식iN 상담한의사 김하나입니다. 현재 울화가 치밀고 화병이 일어나는데 어느 병원을 가서 진료를...",포진 같은데요 저는 피곤하면 생기더라구요. 가까운약국에가서 보여주면 연고 줄겁니다. 계속방치하면 번지고 물집까지난답니다. 주위에서 단백질섭취도 필요하다는데..저는 워낙 잘먹어서ㅠ 과일 많이드시면될듯요^^예쁜얼굴에 더 번지기전에 연고사서 바르세요~
"자꾸 입술 주변에 이상한 두드러기? 오돌토돌 한게 나요ㅠ 이거 뭐예요? 내공 40 장난글, 욕설 신고.","... 울화병이 있을 땐 어느 병원을 가야하나요? 안녕하세요, 닥톡-네이버 지식iN 상담한의사 김하나입니다. 현재 울화가 치밀고 화병이 일어나는데 어느 병원을 가서 진료를...","안녕하세요.네이버지식인으로 피부질환을 상담하고 치료하는 한의학박사 나헌식원장입니다.글 내용을 읽어보고 사진을 확인해보니,입술 주변에 자주 발생하는 증상은,두드러기 증상은 아니고 피부염증상으로 진단됩니다.두드러기증상은 나타났다가 일정한 시간이 지나면 없어지고...또 시간이 되면 다시 나타나고...를 반복하는데,피부염은 일정한 부위에 나타나고,나타난 증상이 없어지지 않고 같은 부위에서 지속적으로 나타나 있으며,혹 번지면서 붉은 발진 증상이 나타납니다.증상이 처음 나타날 때는 작은 발진이 보이다가 점점 더 커지면서 나타나는데,원인은 몸에 열이 많거나, 독이 있거나,몸의 면역기능이 떨어져 있거나,오장육부의 이상이 있어 발생하는 증상이 아닙니다.피부염은 피부의 독립적인 기능중에 체온조절 기능이 떨어져 나타나는 것으로 저는 원인진단을 합니다.위장기능이 떨어지면 위장병이 생기듯,피부기능이 떨어지면 피부병이 발생하는 것입니다. 체온조절 기능이란?우리 몸에서 유발되는 열이 피부의 땀구멍을 통하여 수분이나 땀의 형태로 배출이 이루어지는 것을 말하는데,이런 기능이 떨어지면,열 배출이 원활하게 이루어지지 않게 됩니다. 피부내측에 배출되지 못한 열이 누적되면,그 해당 부위의 피부표면에 빨갛게, 붉은 발진이 보입니다. 어떤 증상이나 질환이든지,각기 장기의 기능이 정상적으로 이루어져,막히지 않고 소통되는 상태에서 발생하는 증상은 거의 없지만,기능이 떨어져 통해야 하는데 통하지 못하고 막혀 있으면,소통되지 못하고 누적된 물질로 인하여 여러 가지 증상이 나타나는 것입니다.피부의 여러가지 독립적인 기능중에 체온조절 기능이 떨어지면,몸에서 자연스럽게 유발된 열이 피부의 땀구멍을 통하여 배출되지 못하고,그 열은 피부 내측에 누적되고,누적된 열은 피부의 모세혈관을 확장시켜 피부 표면에 붉은 발진이 나타나는 것입니다. 그리고 피부염 증상은 우리가 섭취하는 음식이나 환경적인 문제로 발생하는 증상이 아니어서,어떤 음식이든지 섭취하여도 괜찮고,일상생활에 주의할 점은 없다는 설명을 드리며,피부기능을 개선하는 체질개선 치료방법으로 치료를 할 수 있습니다.치료의 선택은 본인의 판단이 중요한데,증상이 없어지지 않고 번지거나 심해지면 우선은 피부과에서 치료하시고,피부과 치료를 했는데도 낫지 않으면,체질개선 방법으로 치료해 보시길 바라겠습니다."
"자꾸 입술 주변에 이상한 두드러기? 오돌토돌 한게 나요ㅠ 이거 뭐예요? 내공 40 장난글, 욕설 신고.","... 울화병이 있을 땐 어느 병원을 가야하나요? 안녕하세요, 닥톡-네이버 지식iN 상담한의사 김하나입니다. 현재 울화가 치밀고 화병이 일어나는데 어느 병원을 가서 진료를...","항상 맑은 피부를 유지 할수 있습니다.피부내 항체 불균형(IgE항체의 증가)이 유발하는 주 원인으로 알러지성 피부염(접촉성 피부염)으로 피부 때문에 고민하실 필요 없습니다. 장과 피부는 직결되어 있기 때문이며 유산균은 생균으로 반드시 장내에서 완벽한항체 균형을 이루어 피부에 탁월한 효능을 보여 주게 됩니다.생명공학을 바탕으로 소화기계구조와 면역체계구조를 명확하게 파악한 결과이기 때문입니다.우리면역계의 80%이상이 소장에서 만들어집니다. IgA와 같은 면역항체 생성촉진을 통해 소장 점막 건강을 이루고 모세혈관과 림프관을 통해 피부로 전이된 면역항체는 아주 맑은 피부를 만들어냅니다. 피부염의 발병기전) 전형적인 Th2 type inflammatory disease로 정의 되어 집니다. 이는 알레르기성피부염의 시작에 있어서 Th2 immune response가 중요한 기능을 담당하고 있기 때문입니다. 항원인 allergen이 피부를 통해 체내로 유입되면 피부에 위치하고 있는 항원제시 세포를 이를 인지하고 그에 반응하게 됩니다. 이때 allergen은 특이적으로 Th2 type immune response를 유도하게 되고 Th2 type의 싸이토카인이 발현하여 히스타민의 분비를 촉진시키고 IgE항체의 생산을 촉진하게 됩니다. IgE항체는 알레르기 질환의 발생에 관여하는 면역글로불린으로 알레르기질환, 아토피, 천식, 비염 등이 일어날 경우 IgE항체가 측정됩니다.→ IgE항체를 줄이기 위해서(알레르기성피부염 치료를 하기 위해서)는 IgA항체가 인체내에 필요로 합니다.IgA항체의 유도(알레르기성피부염 가려움증 개선)는 김치에서 추출한 유산균 (균종)이 효과가 아주 뛰어나다고 합니다.우리몸은 세균숲 즉 영어로 바이옴이라고 합니다. 그 만큼 예민하다고 보시면 됩니다.즉 내가 피곤하면 내 몸의 균들도 스트레스를  받게 되어 장내 유해균이 증가하여 장내 항체 불균형을 이루거나 면역력이 떨지기 때문입니다.그러다보니 현대를  살아가는 우리는 누구나 피부트러블과 전쟁을 하고 있다고해도 과언이 아닐 것입니다. 장내 환경은 정직합니다.장건강이 피부건강이며  건강의 척도입니다.장내 환경은 그날에 드신음식의량과 종류 , 장운동과 흡수력 , 숙면 , 수분량, 정신적 스트레스등에서 수시고 달라집니다. 지금 현재 배변활동은 어떠 하신지요.드신 음식이 장내소화 흡수시 유해균의 증가로 인해 항체 불균형을 이루거나장내 알러지성으로 인한 트러블로(IgE 항체의 증가) 가려움증을  동반하면서유발되게 되는 경우가 많으며 기온변화에 체온조절능력이 떨어지거나 순간 스트레스나 사고의 불안함, 긴장 등의 정신적인 원인과 음식에서  가장 많은 영향을 주니 생각해 보시고 줄여 주시거나 피해 주시면 케어 하는데 도움이 되며 장내 호르몬의 영향이나 항체 불균형으로 노출 되는 경우가 많습니다.면역력은 장내에서 형성 하므로 좋은 유익균이 증식할수 있도록 하여 면역력을 증강 시켜 쉽게 걸리는 감기같은 질병으로 부터도 자유로워 지시기 바랍니다.반드시 기름진음식  밀가루 음식, 계란 , 우유,등에서 유해균을 많이 증가 시키므로  트러블을 가저온다고 합니다.이런 음식은 피해주시고  된장국이나 청국장 등 요리를  물에 데치거나 찌거나 삶은것이 좋습니다 하지만 그  어떤 음식이든 장내 환경이 유익균이 많으면 바나나와 같은 노란 황금색변을 보면서 깨끗해 집니다.저녁으로 과식과 단음식은 반드시 피해주시는 것이 좋습니다. 처방으로 인한 양약은  장내 유해균과 유익균을 동시에 사멸시키면서  장내 좋은 유익균이 증식할수 있는 환경마저 변형시키고 간기능마저 악화시키며  바르는 연고도피부세포를 괴사시켜 흉터(세포침착 )남아 더 오랜 시간을 요하게 되며  사용을 중지하게되면 리바운딩현상으로 그전보다 더심하게 악화되면서 뒤집어져 고통에 시달리고 있으니 신중하게 고민하시기 바랍니다, 유산균은 항염성 .항진균성, 항체 조절능력 , 세포재생력에 뛰어난 효과를 보여주기에  장내 좋은 유익균으로 면역력을 증강시키면 됩니다.또한 있던 기미나 주근깨 조차도 점차 호전시키면서 제 피부로 돌아 가게한다고 합니다.우리몸은 자가항체 면역력을 가지고 있기에 그때그때 유익균으로 외부의 항원에 대응 항체를 만들면서 살아가게 되나  항체를 만들수 있는 능력이 떨어지기에 장내 좋은 유익균의 섭취를 통해서 면역력을 증강시켜 주시기 바랍니다.   장내 꼭 필요한 유산균도 꼼꼼히 따져 보시고 신중하게 결정하시기 바랍니다, 균주중에서도 얼마나 건강한지  얼마나 완벽한 코팅으로 장내 까지 살아갈수 있는 지와 어떤 성분 (식물성)인지 가  중요 합니다.그 중요한  유산균은 아래 네임카드의  사용후기를 보시면 됩니다.     (드시는음식 주의 해 주시면서 장내 좋은 유익균으로 면역력의 증강으로 피부트러블이 깨끗히 치유되는 모습)어떤 환경에서도 균총이 정상세균총을 이룰수  있도록  잘 케어하시기 바랍니다.어느날 나도 모르게 완벽히 치유되어 있습니다.     호랑이 굴에 들어가야 호랑이도 잡는법이며지혜로운 사람은  기회가 왔을 때 그 기회를 결코 놓치지 않기에  치유의 기쁨을 누리고 계십니다.더 자세한 실제 치유된 수없이 많은 사례와 정보는 아래 네임카드의 사이트를 보시면 됩니다.보시고 도움이나 이해가 되셨으면 꼭 채택이나 추천해 주세요.(더 자세한 정보는 네이버 정책상 홍보로 오인될수 있으니tenstens@hanmail.net으로 본인의 연락처를 남겨 주시거나 내용을 주시면 바로 답변 드리겠습니다.)감사합니다."
수원얼굴지방흡입 볼이랑 턱이랑 관심있는데..,볼이랑 턱살 지방흡입 하고 싶어요.  어느날 갑자기 하고싶어진게 아니라  예전부터 심사숙고 하고 있던건데  병원은 아직 안찾아보구 후기만 봐왔거든요.  후기보니까 할만한것 같아서 저도 해보려고하는건데  수원에 얼굴지방흡입 수술 잘하는 병원이나  원장님 아시면 병원정보도 같이 부탁드릴게요.,수원으로 알아보시는것보니 수원에사시나봐용?ㅋ저는 바로옆에 용인 살아요ㅋㅋ저도 얼굴지방흡입 했는데 잘하는곳이 있어서 소개받고천안가서 했어요.리아뜨클리닉 이라고 여기 원장님께서 지방흡입이나 지방이식 잘하시는걸로 소문나신분이라 소개로 가게된곳이여서다른곳은 비교해보진 않았는데 비용은 저렴한 편이였구요 경력이 많은셔서 그런지 멍도 많이 안들고 생각보다 아프지도않고.. 저는 만족했어요. 그리고 얼굴지방흡입 수술하고나서도 다이어트 병행하시는게 좋을거에요. 운동이랑 식이요법 안하면습관대로 먹다가 다시 볼이랑 턱에 살찔 수밖에 없거든요~ ㅋㅋ그래서 얼굴지방흡입 하시고나서도한번한거 돈아깝지 않게 관리 스스로잘하셔야해요! 저는 운동도 하고 관리 열심히 하고 있어서 잘 유지되고 몸매도 좋아지고 있어요.ㅎㅎㅎ,https://kin.naver.com/qna/detail.naver?d1id=8&dirId=8030103&docId=323937135&qb=7Ja064qQIOuzkeybkA==&enc=utf8&section=kin&rank=161&search_sort=3&spq=0
수원얼굴지방흡입 볼이랑 턱이랑 관심있는데..,볼이랑 턱살 지방흡입 하고 싶어요.  어느날 갑자기 하고싶어진게 아니라  예전부터 심사숙고 하고 있던건데  병원은 아직 안찾아보구 후기만 봐왔거든요.  후기보니까 할만한것 같아서 저도 해보려고하는건데  수원에 얼굴지방흡입 수술 잘하는 병원이나  원장님 아시면 병원정보도 같이 부탁드릴게요.,후기를 보셨으니 괜찮아 보이는 곳에서 수술을 받아 보시면 좋을 것 같아요. 실력 없는 곳에서 수술을 받으시면 수술부위에 물이 차서 고생하십니다.
수원얼굴지방흡입 볼이랑 턱이랑 관심있는데..,볼이랑 턱살 지방흡입 하고 싶어요.  어느날 갑자기 하고싶어진게 아니라  예전부터 심사숙고 하고 있던건데  병원은 아직 안찾아보구 후기만 봐왔거든요.  후기보니까 할만한것 같아서 저도 해보려고하는건데  수원에 얼굴지방흡입 수술 잘하는 병원이나  원장님 아시면 병원정보도 같이 부탁드릴게요.,후기 잘 찾아보구 가세영
수원얼굴지방흡입 볼이랑 턱이랑 관심있는데..,볼이랑 턱살 지방흡입 하고 싶어요.  어느날 갑자기 하고싶어진게 아니라  예전부터 심사숙고 하고 있던건데  병원은 아직 안찾아보구 후기만 봐왔거든요.  후기보니까 할만한것 같아서 저도 해보려고하는건데  수원에 얼굴지방흡입 수술 잘하는 병원이나  원장님 아시면 병원정보도 같이 부탁드릴게요.,"안녕하세요 얼굴지방흡입계획이 있으시군요후기도 좋지만 병원에 내원해서 상담을 받아보고 병원을 선택하는것이 더욱 좋을것같습니다지방흡입은 많은 볼륨을 제거하고, 요요가 없는 좋은 방법입니다.하지만 좋은 시술자를 만나셔야만 만족할 결과를 얻습니다.내 소중한 몸에 하는 일이고, 비용도 작지 않으니 신중하셔야 겠지요.잡다한 궁금증도 의견이 다를수 있으니 좋은 시술자와의 상담에서 답을 구하시는 것이 좋습니다.관건은 이런 좋은 시술자를 만나는 것이죠. 지방흡입을 포함한 성형분야에서의 마케팅은 최근 상당히 강화되고 있습니다.이분야 전문가들이 개입하면서 양도 많아지고, 상당히 지능화 되어 있습니다.근사한 홈페이지를 만들고, 카페, 블로그, 지식인검색이나 최근에는 소셜컴뮤니티를 통해 소위 ""알바""들이 그럴 듯한 광고를 많이 하고 있지요.(이런 인터넷 공간에 있는 대부분의 자료가 실제 환자보다는 광고인들의 것이라더군요)사실 의료상식이 부족한 일반인들은 이런 전문가들의 마술(?)에 현혹되기 쉽습니다.모든 분야에서 마케팅이 강해지고 있으니, 이런 현실적인 변화를 탓할 수는 없겠지요.다만 큰 실수를 줄이기 위해 올바른 선택을 할 수 있는 몇가지 사항들을 항목별로 소개해 보고자 합니다.첫째, 누가 수술하느냐 ?둘째, 시술자의 경력이 확인되느냐 ?셋째, 환자를 대하는 신뢰성이 어떠하냐 ?* 첫째, 누가 수술하느냐 ?실제 시술자가 누구인지 정확히 모르고 시술 받는 경우가 생각보다 많은 것 같습니다.제법 유명한 병원 브랜드만 믿거나 그냥 어찌어찌 아는 병원에서 시술받고.. 그런 셈이죠.대형병원의 경우 한두명의 대표원장만이 경험이 많고, 그 외에는 트레이닝중인 초보 시술자들이 많이 있습니다.실제 시술을 누가 더 많이 하게 될 것인지는 아시겠죠.이 초보시술자들은 경력이 쌓이면서 실력이 좋아질만하면 따로 독립하게 되고, 또 다른 초보 시술자들이 그 자리에 오게 됩니다.대형병원들이 엄청난 마케팅 비를 치르면서도 이벤트등 수술 비용을 낮출 수 있는 이유죠.저도 오랜세월 시술을 해오면서 대형 네크워크병원도 운영해 보았고, 다른 시술자를 고용해서 같이 시술을 한적도 있었지만, 일정치 않은 결과에 늘 스트레스가 있더군요.저 혼자 모든 일을 하고 결과를 내야 믿고 몸을 맡기시는 고객분도 좋고, 저도 보람이 있는 것 같습니다.그리고 지방흡입이 전문이 아닌 성형외과들은 원래 원장이 지방흡입을 잘 안하고, 다른 의사가 불려와서 시술하는 경우도 많습니다.물론 그런 고지를 하게는 되겠지만, 정확한 이력이 없는 시술자를 그냥 믿을 수는 없겠지요.최근 상담오시는 분들의 상당부분이 좋지 않은 결과로 오시는 재수술 케이스입니다.상담해보면 실제 누가 시술한지를 모르는 경우가 많더군요.안타까운 일입니다.* 둘째, 시술자의 경력이 확인되느냐 ?우선 수술의 결과를 만드는 것은 90%이상 시술자의 능력입니다.다양한 기기들, 시스템, 인테리어 이런 것들은 사실 별로 의미가 없지요.경력을 알아보기 위해 역시 가장 쉽고 중요한것은 병원 홈페이지를 잘 살펴보는 것이겠죠.홈페이지를 잘 알아보는 방법을 소개해 보려합니다.홈페이지에 소개된 시술자의 이력들은 별로 의미가 적습니다.회비만 내면 가입되는 여러 학회 이름들의 나열도 의미가 없고, 새로 성형분야 진료를 시작하는 분이 많아서 이전에 근무했던 큰 병원의 이력도 신빙성이 적습니다.성형외과 전문의..라는 것도 기본이 잘되어있다는 것이지, 경험이 적으면 좋은 결과를 보장하지는 못합니다.특히 지방흡입은 익숙해 지는데는 상당한 시간이 필요하거든요.역시 중요한 것은 성형시술을 해온 실제 경력이겠죠.가장 명확한 증거가 될 수 있는 것은 병원 홈페이지의 상담실 내역입니다.상담실의 가장 첫 글이 언제부터 시작된 것인지, 중간에 빈틈없이 운영된 것인지, 실제 내가 시술받을 분야의 내용이었는지를 꼼꼼히 알아보셔야 합니다.원장들은 이 기록을 잘 보관합니다.어떤 이유로 이 기록이 사라질 수 있어서 기록이 없다고 경험이 없는 것은 아니겠지만, 반대로 올바른 기록이 있다면 그것은 다 그 시술자의 경력의 증거가 되는 것입니다.홈페이지를 볼 때는 가장 먼저 이 내용을 신중하게 파악하셔야 합니다.다음은 병원에서 게시 하는 시술전후 사진들을 체크하는 것입니다.우선 사진의 숫자가 충분히 많아야 합니다.이런 사진을 판매하는 곳도 있다고 하니, 환자 뒤로의 배경이 동일한지 등을 잘 체크하셔야 하고요.사진이 일부 조작된 것도 많다고 합니다.잘 살펴보시면 어느 정도 구분을 할 수 있겠지만, 이 분야 전문가들이 잘 손댄 사진이라면 사실 구분이 어려울 수 있겠죠.하지만 여러 케이스를 꼼꼼히 살펴보다보면 어느 정도 사진의 진정성은 감을 잡을 수 있을 것 같습니다.홈페이지에 보면 시술후기도 흔히 볼 수 있습니다.보통의 분들이 수술 후 그 결과를 홈페이지에 직접 올리는 일은 사실 쉽지 않습니다.결과가 매우 좋다고 해도 어려운 일이지요.저희도 가끔 글이 올라오는데, 관리 중에 특히 친해진 분들에게 부탁을 좀 드리는 경우가 많고 또 약간의 서비스도 있어야 되는 것 같더군요.이런 상태에서 좋지 않은 말을 노골적으로 올릴 수는 없겠죠.조작된 글도 많이 있을 것이라 생각됩니다.이 부분은 크게 의미를 두지 않으시는 것이 좋으며, 분위기 파악 정도로 이해하세요.카페나 블로그, 지식인등에서 직접 시술받았다고 올려지는 대부분의 글들도 사실은 마케팅의 한 부분인 경우가 많습니다.* 셋째, 환자를 대하는 신뢰성이 어떠하냐 ?가장 중요한 것은 방문상담때 누가 그 상담을 누가 해주느냐 입니다.시술자가 시간이 많지 않으니 늘 상담을 할 수는 없지요.하지만 기본적으로 그러한 노력이 있어야 하는 병원이어야 합니다.당장은 아니더라고 예약만 해놓으면 직접 시술하는 사람과 상담이 되어야 하는 거겠죠.아니면 전화로라도 시술전에 적절한 상담이 이루어 지는 것이 좋습니다.제가 오랜세월 병원을 운영하면서 이것만은 지키려고 노력하고 있습니다.시술받으시는 분들의 당연한 권리라고 생각합니다.시술자와의 상담은 단순히 훈련된 상담실장과 차원이 다르지 않겠습니까..더불어 홈페이지에 실린 글들에서 또는 상담게시판에서 실제 시술자가 얼마나 직접 개입하느냐를 살펴봐야 할 것 같습니다.예를 들어 홈페이지 상담실의 답변을 시술자가 직접 해준다면 더 좋겠지요.이런 것이 다 시술자의 성실성을 나타내는 것이라 생각됩니다.상담시 제시되는 수술비용에 대해서도 현명한 판단이 필요합니다.환자가 많아서 운영이 잘 되는 병원에서 구태여 비용을 많이 낮출 필요가 있을까요?이벤트를 표방하며 비용을 낮추는 곳은 경계를 하셔야 합니다.(이벤트를 하는 곳은 이런저런 핑계로 늘 하더군요)홈페이지에 요란하게 같이 뜨는 팝업창은 일단 병원의 자질을 의심하셔야 합니다.마케팅을 많이 하면서 이벤트까지 하는 병원이라면 시술 수준이 낮아지는 것은 당연하지 않을까요.특별한 계기가 없는 데도 당신만 비용을 할인해 주겠다는 그럴 듯한 말도 신중히 생각해야겠지요.이리되면 처음 제시된 비용은 의미가 없습니다.상담하는 모든 분이 다 할인되고, 사실은 본인이 아마도 가장 비싼 가격에 수술하게 되는 것일 수 있습니다.비용은 일정한 기준에 따라 공정하게 책정되고 지켜지는 곳이 좋은 병원일 것 같습니다.평소에 생각해보던 몇 가지 내용을 적어보았습니다.잘못된 선택으로 좋지 않은 결과를 얻은 분들이 적어졌으면 하는 바램입니다."
수원얼굴지방흡입 볼이랑 턱이랑 관심있는데..,볼이랑 턱살 지방흡입 하고 싶어요.  어느날 갑자기 하고싶어진게 아니라  예전부터 심사숙고 하고 있던건데  병원은 아직 안찾아보구 후기만 봐왔거든요.  후기보니까 할만한것 같아서 저도 해보려고하는건데  수원에 얼굴지방흡입 수술 잘하는 병원이나  원장님 아시면 병원정보도 같이 부탁드릴게요.,"안녕하세요.지방흡입에 대한 문의를 하셨군요.지방흡입은 병원마다 치료 비용도 다양하고치료 장비에 따라서도 차이가 있습니다.또한 흡입하는 양에 따라서도 차이가 있기 때문에수술비용, 치료 가능 여부는 내원하셔서 정확한진단 받아보시고 상담 받아보셔야 합니다.지방흡입의 방법은 다양하게 있습니다.기존의 일반적인 지방흡입의 경우 물리적 음압으로 흡입하는방법이고 레이저 지방흡은 레이저로 지방 및 주변조직을파괴하여 지방을 흡입하기 때문에 주변조직의 클 수 있습니다.주사기를 이용한 방법은 지방흡입수술에 비해서확실한 사이즈 감소와 지속적으로 효과를 보기는 힘들기때문에 효과적인 사이즈 감소와 손상줄이는 치료 원하신다면베이저2 장비를 사용한 지방흡입이 도움이 될 수 있습니다.베이저2 지방흡입은?베이저2 지방흡입은 대용량 지방흡입 뿐만 아니라첨단의 초음파 기술을 이용하여 바디를 디자인할 수 있고지방만을 선택적으로 제거하여 조직을 손상시키지 않으며출혈도 효과적으로 줄인 지방흡입 장비입니다.베이저2 지방흡입 장점은?1. 지방세포만 선택적으로 액화시켜 지방만 흡입2. 지방제거 및 피부탄력, 바디라인 교정 효과3. 섬세한 라인교정 가능(식스팩, 11자 복근)4. 피부탄력증가, 라인개선5. 주변조직 손상 및 출혈이 거의 없이 빠른 회복6. 라인과 탄력을 고려한 지방흡입 및 재수술에 탁월지방흡입 시 주의사항은?무분별한 지방흡입은 다양한 부작용을 낳을 수 있기 때문에숙련되고 수술경험이 많은 의료진에게 수술 받으셔야 합니다.수술을 위한 곳을 선택하리 때에는 시술경험이 풍부한의료진이 수술을 하는 곳인지, 시술 전 충분한 상담이 이루어지는지. 어떤 장비를 사용하는지 등 꼼꼼히 살펴보시고신중한 선택 하시기 바랍니다.지방흡입수술에 대해 더 궁금하시다면PC버전 지식인에서 네임카드를 확인해주시거나모바일은 네임카드 옆 V 표시 클릭해주세요"
부산목디스크 어디서 치료?,"27세/여/목디스크 때문에 밤에 잠도 못자고 일도 쉬고 있습니다.병원에서 MRI찍어보니 목디스크가 있다고 나오던데, 어쨌든 너무 아파서 밤에잠도 잘 못자고, 일도 요양 휴직해놓은 상태입니다 ㅜㅜ부산목디스크 잘 치료하는 병원 없나요. 제발 알려주세요...","안녕하세요 부산 목디스크 잘보는 곳, 부산 연산동 자연안에한의원입니다. 저희 목디스크 치료에 관해 설명드리겠습니다. 저희는 목과 허리, 골반과 어깨를 동시에 교정할 수는 없을까 늘 고민했습니다.사람이 하는 추나요법은 짧은 시간동안 여러 부위의 교정을 할 수는 없기 때문이죠.자연안에 한의원으느 사람의 손보다 훨씬 섬세하게 다양한 부위를 동시에 교정할 수 있는 최첨단 로봇 교정 머신을 보유하고 있습니다. 부산목디스크 로봇 교정 추나로 사람이 하는 추나를 뛰어넘는 혁신적인 체형교정프로그램을 제공하고 있습니다.    * 최대 200가지!- 로봇 교정 머신을 통해 재현 가능한 추나 종류의 수ㅇ그리고 로봇 교정 추나와 함께 한의사들이 직접 골격을 바로 맞추는 스러스트 추나,긴장된 근육을 이완시키는 MET추나를 병행합니다. ㅇ깊은 근육층을 이완시키는 RET고주파 치료는 로봇 교정 추나의 효과를 배가시킬 수 있습니다. 근육 이완과 컨디셔닝의 가장 좋은 솔루션입니다.ㅇ부산목디스크 그라스톤 치료는 근육을 싸고 있는 근막을 이완시키는 치료법인데요, RET고주파와 MET추나를 함께 병행하면 경직된 근육이 완전히 풀립니다. <3가지 방식의 목디스크 침치료>부산목디스크와 체형교정에 있어서 한의학적인 치료는 강력합니다. 근육을 이완시키고 염증을 소염시키는 약침치료.약한 근육은 강화시키고, 긴장된 근육은 부드럽게 풀어주는 근육침 치료법.8체질에 따라 타고 태어난 장기 불균형을 조절하여 자연치유력을 높이는 체질침 치료법.3가지 방식의 침 치료를 적절하게 병행하면 보다 빠른 목디스크 해소 효과를 경험하실 수 있습니다. ㅇ근육을 이완시키고, 근육에 발생한 염증을 소염시키는 약침치료는 목디스크로 유발된 통증을 해소하는 데에 매우 효과적인 치료법입니다. ㅇ약화된 근육은 강화하고, 경직된 근육은 이완시킬 수 있는 최고의 치료는 근육침치료법입니다. 체형교정에 있어 가장 중요한 치료중 하나입니다.ㅇ부산목디스크 8체질 침법은 체질을 정확하게 진단후에, 체질별 장기의 불균형을조절해 주는 치료법입니다. 인체의 자연치유력을 극대화시키는 치료법이죠. 자 저희 부산목디스크 잘보는곳, 부산 연산동 자연안에 한의원 소개였습니다.목디스크 치료를 위해서라면, 언제든지 방문해주세요^^",https://kin.naver.com/qna/detail.naver?d1id=7&dirId=70107&docId=323924929&qb=7Ja064qQIOuzkeybkA==&enc=utf8&section=kin&rank=191&search_sort=3&spq=0
부산목디스크 어디서 치료?,"27세/여/목디스크 때문에 밤에 잠도 못자고 일도 쉬고 있습니다.병원에서 MRI찍어보니 목디스크가 있다고 나오던데, 어쨌든 너무 아파서 밤에잠도 잘 못자고, 일도 요양 휴직해놓은 상태입니다 ㅜㅜ부산목디스크 잘 치료하는 병원 없나요. 제발 알려주세요...",부산목디스크 치료 잘하는곳 워낙 많아서요 부산 어느구에 거주하고 계신가요? 구만알려주시면최대한 가까운 곳 소개 시켜드릴게요!
무릎통증치료 오래갈수록 더 시려워요,안녕하세요. 저희 아버지께서 요근래 몸이 안 좋아지셔서자주 어머니께서 간호해주시고 근육 마사지도 해주시는 편입니다.혈액순환이 잘 되지 않으시는 것인지는 잘 모르겠지만요.그런데 아버지도 모자라 어머니께서도 오전 내내 서 있는직업이다보니 무릎통증을 호소하시면서 일을 며칠 동안쉬고 계실 지경까지 되셨습니다...무릎통증치료라도 받게 해드려야 될 것 같아서 병원에 들렸더니무릎통증치료를 받으실 만큼 심한 수준은 아니고 오래 서 있는시간을 줄이고 자주 다리의 부종을 풀어주는 것이 좋겠다고의사 선생님께서 얘기해주셨습니다.하나 뿐인 자식의 입장으로써 무릎통증치료 못지 않게얼른 낫게 도와드리고 싶은데 무릎통증에는 뭐가 좋을까요?,"질문자 분의 어머님께서 무릎통증으로 고생하고 계신 것 같아 덩달아 마음이 아픕니다.무릎통증치료를 대신할 수 있을 방법으로는본인의 평소 습관을 살펴보시는 것이 좋을 텐데요.어머님께서는 직업의 특징상 자주 서 계시는 일이많다고 하셨는데요. 나이가 어느 정도신지는 가늠할 수는 없지만연령대가 높을수록 오랜 시간 같은 자리에서 서 있는 것은무릎 뿐만 아니라 다리의 부종이 생길 가능성이 높습니다.무릎통증치료를 할 정도의 심각성은 없더라도 질문자님께서 언급하셨듯이 자주 다리의 근육을 풀어주시고,음식 조절 또한 함께 해주시는 것이 좋으실 겁니다.무릎통증치료를 도와줄 대표적인 음식으로는등푸른 생선이 제일 무난하다고 볼 수 있습니다.무릎통증에 좋은 우유와 치즈, 그리고 오메가 3가 들어간 고등어와 청어, 연어 등이라고 볼 수 있는데요.덧붙여 말씀드리자면 토사자와 겨우살이, 두충, 홍화자, 오가피, 우슬 등이가장 대표적이기 때문에 음식 식이조절 뿐만 아니라하루에 아침과 저녁 식간 즈음에 일반 건강식품을챙겨드리는 것도 좋을 것 같습니다. 감사합니다.",https://kin.naver.com/qna/detail.naver?d1id=7&dirId=70119&docId=323913829&qb=7Ja064qQIOuzkeybkA==&enc=utf8&section=kin&rank=211&search_sort=3&spq=0
목부위 통증 문의드립니다,(그림은 네이버에서 퍼왔습니다)2달전부터 저 부위가 결리고 알배긴것처럼 많이 아픕니다.. 충격받거나 잠을 잘못잔건 아니고..어느순간 조금씩 욱씬 알배김의 고통이 조금씩 오더니 요 며칠은 자다가 깰정도로 통증이 오내요..손으로 만져도 딱히 여기가 아프다 하는곳은 찾지를 못했습니다. 파스를 붙여도 근육이완제 약을먹어도 똑같내요.. 이런 경우는 어느 병원을 가야 하는지 궁금해서 문의 드립니다.어떤 검사를 받아야 하는지.. 머 큰 이상은 아니겠지요.. 답변 부탁드립니다,"안녕하십니까?지식iN 사룰입니다☜2달전부터 저 부위가 결리고 알배긴것처럼 많이 아픕니다.. 충격받거나 잠을 잘못잔건 아니고.. 어느순간 조금씩 욱씬 알배김의 고통이 조금씩 오더니 요 며칠은 자다가 깰정도로 통증이 오내요..근육, 힘줄의 과긴장일 가능성이 클 것으로 봅니다.손으로 만져도 딱히 여기가 아프다 하는곳은 찾지를 못했습니다. 파스를 붙여도 근육이완제 약을 먹어도 똑같내요.. 이런 경우는 어느 병원을 가야 하는지 궁금해서 문의 드립니다.림프샘이 붓거나 염증이면 누르면 아픕니다.어떤 검사를 받아야 하는지.. 머 큰 이상은 아니겠지요.. 큰 이상은 아니려나 봅니다.답변 부탁드립니다종합병원 경추(목등뼈) 전문으로 가보시고 모르거나 좋아지지 않으면.추가 질문 주시면 대처 방법을 적어드리겠습니다.안녕히 계십시오☜출처 :무턱대고 병원들 가들 마라. : 분안의학(分案醫學, Separate guidance medicine).",https://kin.naver.com/qna/detail.naver?d1id=7&dirId=70119&docId=323913764&qb=7Ja064qQIOuzkeybkA==&enc=utf8&section=kin&rank=212&search_sort=3&spq=0
목부위 통증 문의드립니다,(그림은 네이버에서 퍼왔습니다)2달전부터 저 부위가 결리고 알배긴것처럼 많이 아픕니다.. 충격받거나 잠을 잘못잔건 아니고..어느순간 조금씩 욱씬 알배김의 고통이 조금씩 오더니 요 며칠은 자다가 깰정도로 통증이 오내요..손으로 만져도 딱히 여기가 아프다 하는곳은 찾지를 못했습니다. 파스를 붙여도 근육이완제 약을먹어도 똑같내요.. 이런 경우는 어느 병원을 가야 하는지 궁금해서 문의 드립니다.어떤 검사를 받아야 하는지.. 머 큰 이상은 아니겠지요.. 답변 부탁드립니다,지금 그 목부위에 임파선이 부어서 통증이 있는 것으로 보입니다.이비인후과 가봐야 합니다.동네 이비인후과 가도 됩니다.
목부위 통증 문의드립니다,(그림은 네이버에서 퍼왔습니다)2달전부터 저 부위가 결리고 알배긴것처럼 많이 아픕니다.. 충격받거나 잠을 잘못잔건 아니고..어느순간 조금씩 욱씬 알배김의 고통이 조금씩 오더니 요 며칠은 자다가 깰정도로 통증이 오내요..손으로 만져도 딱히 여기가 아프다 하는곳은 찾지를 못했습니다. 파스를 붙여도 근육이완제 약을먹어도 똑같내요.. 이런 경우는 어느 병원을 가야 하는지 궁금해서 문의 드립니다.어떤 검사를 받아야 하는지.. 머 큰 이상은 아니겠지요.. 답변 부탁드립니다,"안녕하십니까?지식iN 사룰입니다☜2달전부터 저 부위가 결리고 알배긴것처럼 많이 아픕니다.. 충격받거나 잠을 잘못잔건 아니고.. 어느순간 조금씩 욱씬 알배김의 고통이 조금씩 오더니 요 며칠은 자다가 깰정도로 통증이 오내요..근육, 힘줄의 과긴장일 가능성이 클 것으로 봅니다.손으로 만져도 딱히 여기가 아프다 하는곳은 찾지를 못했습니다. 파스를 붙여도 근육이완제 약을 먹어도 똑같내요.. 이런 경우는 어느 병원을 가야 하는지 궁금해서 문의 드립니다.림프샘이 붓거나 염증이면 누르면 아픕니다.어떤 검사를 받아야 하는지.. 머 큰 이상은 아니겠지요.. 큰 이상은 아니려나 봅니다.답변 부탁드립니다종합병원 경추(목등뼈) 전문으로 가보시고 모르거나 좋아지지 않으면.추가 질문 주시면 대처 방법을 적어드리겠습니다.안녕히 계십시오☜출처 :무턱대고 병원들 가들 마라. : 분안의학(分案醫學, Separate guidance medicine).",https://kin.naver.com/qna/detail.naver?d1id=7&dirId=70119&docId=323913764&qb=7Ja064qQIOuzkeybkA==&enc=utf8&section=kin&rank=213&search_sort=3&spq=0
목부위 통증 문의드립니다,(그림은 네이버에서 퍼왔습니다)2달전부터 저 부위가 결리고 알배긴것처럼 많이 아픕니다.. 충격받거나 잠을 잘못잔건 아니고..어느순간 조금씩 욱씬 알배김의 고통이 조금씩 오더니 요 며칠은 자다가 깰정도로 통증이 오내요..손으로 만져도 딱히 여기가 아프다 하는곳은 찾지를 못했습니다. 파스를 붙여도 근육이완제 약을먹어도 똑같내요.. 이런 경우는 어느 병원을 가야 하는지 궁금해서 문의 드립니다.어떤 검사를 받아야 하는지.. 머 큰 이상은 아니겠지요.. 답변 부탁드립니다,지금 그 목부위에 임파선이 부어서 통증이 있는 것으로 보입니다.이비인후과 가봐야 합니다.동네 이비인후과 가도 됩니다.
아버지가 갑자기 기억을 잃어셨는데 원인을 모르겠습니다.,"아버지가 갑자기 기억을 잃으셨습니다.아버지는 50대 후반으로, 16년도에 뇌종양 수술 후 재활중이셨다가 지금은 원인을 알 수 없는 고열과 오한으로 대학병원에 입원 중이십니다.지난 주 금요일 저녁까지만 해도 대화도 잘 되고 기억도 잘 하셨는데토요일 밤 주무시던 중 갑자기 '일어난다' 와 같은 말을 반복적으로 하시다가일요일 일어나신 뒤부터 본인의 생년월일이 뭔지 지금이 몇 년도며 오늘이 언제인지, 가족 등 주변인의 정보도 제대로 기억하시는게 없습니다.누군가 말을 걸고 질문을 해도 사람을 바로 쳐다보지 못하고 허공을 응시하며 대답을 하지 않습니다.몇 번이고 두드리고 쳐야 겨우 한 두 번 알아보시는 상황입니다.저나 동생에게 전화통화 할 때 마다 하시던 운전 조심해라 등 하시던 말씀도 잊고, 저나 동생 직업이 뭔지, 뭘 하는지, 대학병원 오기 전엔 어느 병원에 있었는지 등을 다 잊어버리셨습니다....오늘은 새벽에 소변 보셔야 된다는 것을 잊으셨는지, 어머니가 도와드려야 하는 걸 잊으셨는지 침대에서 그대로 실수하시고 (뇌종양 수술 후 거동 불편으로 주변에서 도와주어야 합니다) 말 그대로 본인도, 가족도 모두 다 기억에서 잊혀진 상황입니다.약도 대학병원 입원하기 전부터 드시던 것만 드셨는데 원인을 모르겠습니다.대학병원 입원 후에는 척수액 검사, 뇌 CT, 피 검사 등을 진행했었는데 지금 이 증상과 직/간접적인 영향이 있을까요? 오늘 MRI 촬영 후 결과를 보기로 했는데어머니도 저희도 아버지를 보기 너무 괴롭고 힘듭니다....","원인이 너무 다양해서요..우선 수술중에 가장 위험하고 신체에 부담이 컷을 뇌수술을 16년도에 한번 받으셧으니몸과 마음이 얼마나 지쳐있으셧겟습니까,MRI 가 정확한 원인을 밝혀 주겟지만,(고혈압으로 인한 뇌혈관 질환 이거나 , 자율감각신경계 이상등 원인이 너무 다양함)힘든 수술 이겨내셧으니 이번에도잘 치료 받으실거라 믿습니다.힘내십쇼.",https://kin.naver.com/qna/detail.naver?d1id=7&dirId=70107&docId=323913563&qb=7Ja064qQIOuzkeybkA==&enc=utf8&section=kin&rank=214&search_sort=3&spq=0
