제목,질문,답변,https://kin.naver.com/search/list.nhn?query=어떤+병원+-동물+-성형+-강아지+-피부과+-개인회생+-인테리어+-진로+-커리큘럼+-자동차+-도서+-보험+-교통+-차+-간호학과+-학과&sort=date&period=2017.03.30.|2017.04.2.&section=kin&page=1
중이염인가요??,지금 감기에 걸렸는데 감기 걸리고 하루 뒤부터 귀가 계속 먹먹하고 아파요 만약 중이염이면 치료는 어떤 방식으로 받나요? 방치하면 어케 되요?? 병원 안가고 혼자 낫는 법은 없나요ㅠㅠ  아 그리고 턱 고통이 귀로 느껴진다는말 듣기도 했는데 몇일 전에 옆쪽 턱을 어디에 박아서 하루동안 좀 아팠엇어요 이것도 연관이 있을까요?,"중이염이 의심되는 증상인 것 같습니다. ​중이염의 경우 다음과 같은 치료가 필요합니다:​- 약물 치료: 항생제 등을 처방받아 복용합니다. ​- 수액 치료: 중이나 귀안에 수액을 주입하여 염증을 줄입니다.​- 배양검사: 배설액에서 병원균을 배양, 감염 원인 규명을 위해 검사합니다.​방치할 경우 염증이 악화되거나 귀가 손상될 수 있습니다. ​가급적 빨리 전문의 진료를 받는 것이 좋습니다. ​간단한 증상이라면 다음과 같이 해볼 수 있습니다:​- 해열진통제 복용​- 귀 안막 소독​- 휴식 ​하지만 증상이 지속되거나 악화시에는 반드시 병원 검진을 받아야 합니다.​턱 통증도 중이염과 관련이 있을 가능성이 높습니다. 빨리 치료가 필요합니다. ​​"
콜대원이랑 처방받은 약,병원에서 처방받은 감기약 2시쯤 먹고 5시쯤 콜대원 하나 먹었는데괜찮을까요? 콜대원 보니까 다른감기약이랑 먹지말라고 하는데ㅜㅜ 괜찮겠죠?,저도 전문가는 아니지만 보통 콜대원 같은 약사 처방 없이 받은 약들은 안에 설명서에 같이 복용하면 안되는 약품 성분이 적혀져있어요.한번 확인해보세요.
콜대원이랑 처방받은 약,병원에서 처방받은 감기약 2시쯤 먹고 5시쯤 콜대원 하나 먹었는데괜찮을까요? 콜대원 보니까 다른감기약이랑 먹지말라고 하는데ㅜㅜ 괜찮겠죠?,"약물 복용에 관해서는 의사나 약사의 지시를 따르는 것이 중요합니다. 하지만, 대부분의 경우에는 한 번에 먹은 감기약과 콜드약이 중복되어 심각한 문제를 일으키지는 않을 것입니다. 그러나 일부 감기약과 콜드약은 비슷한 성분을 함유할 수 있으며, 중복 복용할 경우 일부 증상이나 부작용이 심화될 수 있습니다.​만약 두 약을 동시에 복용한 경우에도, 증상이 나타나지 않는다면 일반적으로는 큰 문제가 없을 수 있습니다. 하지만 이러한 경우에도 의사나 약사와 상담하는 것이 좋습니다. 만약 어떤 이유로라도 이러한 상황이 반복된다면, 의료 전문가에게 상세한 상황을 설명하고 조언을 구하는 것이 좋습니다.​답변이 도움이 되셨다면 ""좋아요""를 클릭해 주시고 ""채택"" 부탁드립니다.긴 글 읽어주셔서 감사합니다."
얼굴접촉성피부염 병원 치료 추천(봉명동 접촉성피부염),봉명동 20대중반/남 접촉성피부염얼굴접촉성피부염을 인터넷에서 찾아보니 병원에서도 치료하고 한의원에서도 치료를 하더라고요각각 치료 방법을 알면 어디서 치료받을지 결정할 수 있을 것 같은데.. 각각의 치료 방법 좀 알려주세요~,"안녕하세요, 닥톡-네이버 지식iN 상담한의사 김민상입니다.접촉성피부염<meta http-equiv=""Content-Type"" content=""text/html;charset=UTF-8"">접촉성피부염 질환으로 걱정이 많으시겠습니다.접촉성피부염은 면역기능저하로 발생하는 경우가 많습니다. 평상시에는 나에게 아무런 자극이 되지 않던 것들이나의 면역력이 저하된 상태에는 알러지 물질로 반응하여 몸에 민감하게 표현되는 것입니다.한의학적으로 접촉성 피부염은 체질적 문제, 내장의 건강상태, 잘못된 식이습관, 스트레스, 생활환경 등 어떤 원인에 의해서 우리 몸에 열의 불균형과 피부의 순환장애로 인해 나타나는 증상으로 보고 있기 때문에 근본 원인을 면밀히 파악하는 것이 중요합니다.빠른 초기치료는 치료결과가 좋은 결과로 나타나기에 빠르게 내원하시어 피부상태에 대한 진단 받아보시길 추천드립니다. 한의원에서는 접촉성피부염을 치료하기 위해서 환자 개인별 맞춤 처방인 한약을 처방하고, 동시에 주 1회 정도 약침치료, 미세피부치료, 침치료, 뜸치료, 광선치료, 외용제 도포 등 다양한 치료가 이루어지며 이를 통해 피부에 쌓인 독소물질을 배출하고 기혈순환을 도와 면역체계를 개선하여 접촉성피부염의 증상을 완화시킵니다.피부세포 재생주기를 따라 3개월이면 낡은 세포가 모두 탈락하고 새로운 피부가 재생되어 올라오므로 일반적으로 3개월을 말씀 드리지만 중증의 경우 6개월 이상의 기간이 필요합니다. 면역력이 좋거나 초기 단계라 치료가 단기에 종료되는 경우도 있으나 온라인 상담의 특성상 예측하기 어렵기 때문에 일반적으로만 안내 드리고 있습니다.피부질환의 특성상 발진의 부위와 양상, 개개인의 체질, 과거 병원 치료를 받으면서 사용한 스테로이드제의 종류와 등급에 따라 치료기간은 개인차가 큰 편입니다. 근처 한의원에 내원하셔서 상담 후 치료계획을 세우는 것이 보다 정확할 것으로 생각됩니다. 직접 만나 뵙고 육안으로 확인한 진료가 아니어서 답변이 제한적임을 양해 부탁 드리며, 조금이나마 궁금한 부분이 해소되셨기를 바랍니다. 환자분의 완쾌를 기원합니다."
아내의 강박증(판교 강박증),판교 40대초반/여 강박증아내가 청소와 정리 강박증이 심해서 힘들어합니다저와 아이들은 최대한 도와주고 있지만 상황이 변하지는 않고 도 힘들때가 많구요이게 맞는건지 약을 먹던 심리상담을 하던 치료를 해야하는건지 고민입니다,"안녕하세요, 닥톡-네이버 지식iN 상담한의사 손지웅입니다.아내분의 강박증 어떻게 해야 할지 문의주셨네요.강박증은 강박사고와 강박행동으로 구분해서 접근하며,강박사고만 있는 경우도 있고, 강박사고와 강박행동 모두 가진 경우도 있습니다.강박사고는 의미없는 생각이나 영상이 지속적으로 머리에 파고들어 불안감이나 어떤 행동을 해야만 할 것 같은 충동을 느끼는 것이고강박행동은 특정 행동을 했을 때 강박사고로 인한 불안감과 충동이 해소되는 것을 경험함으로써 그 행동을 반복적으로 수행하는 상태를 말합니다.청소와 정리에 대한 생각이 들어와 불안감을 느끼고 해야만 할 것 같은 충동을 느끼는 것이 강박사고의 시작이며반복적인 청소, 정리를 통해 통해 불안감과 충동이 해소되는 것을 경험하면서이 과정이 고착화 되는 것이 강박행동으로 볼 수 있습니다.미미한 수준의 강박은 보통 사람들의 일상생활에서도 자주 관찰이 됩니다.요일별로 혹은 특정한 날에 특별한 규칙 수행하기,횡단보도나 보도블럭을 걸을 때 규칙 만들기, 선수들이 경기 전 수행하는 루틴도 강박증의 일종으로 볼 수 있습니다.이는 일상이나 정서적으로 문제를 유발하지 않는 미미한 강박이며어느 정도의 청소와 정리도 깔끔한 사람이다로 받아들일 수 있습니다.하지만 그 정도가 과도하여 본인이나 주변 사람으로 하여금 고통이 수반된다면 질환으로 접근하여 치료해야 합니다.지금은 따로 분류가 되었지만 과거에는 불안장애의 범주에 속해있었던 강박증은 두뇌 기능의 불균형을 원인으로 보고 있습니다.불균형한 두뇌가 불필요한 생각이나 충동을 스스로 지워버리거나 이겨낼 수 없게 되면서 강박사고와 행동이 진행되는 것이죠.만성화된 강박은 치료에 많은 노력과 시간이 필요하기 때문에 스스로 극복하기 어렵다면 강박증 한의원이나 병원을 찾아 도움을 받는 것이 좋습니다.한의학에서는 뇌기능의 불균형을 개선하는 방향으로 치료가 진행되고 강박을 스스로 지워버리거나 억제하는 힘을 가지게 합니다."
주사피부염 한의원 치료(영등포 당산동 주사피부염),영등포 당산동 40대중반/여 주사피부염주사피부염 때문에 대학병원까지 갈정도로 느끼는 증상이 심해요. 약 먹고 연고를 발라도 제자리걸음인 것 같아 뭔가 다른 방법을 모색해야 할 것 같습니다. 지인 말로는 한의원에서도 치료가 가능하다고 하던데 어떤 방식으로 치료하는지 알 수 있을까요?,"안녕하세요, 닥톡-네이버 지식iN 상담한의사 서희연입니다.주사피부염에 대해 문의주셔서 성실히 답변드립니다. 재발하는 증상으로 많이 힘드셨을텐데요.주사는 얼굴 중앙부에 만성 충혈성 질환으로 코 주변과 뺨, 턱, 이마와 같은 부위에 주로 발생합니다.주사피부염은 염증 반응과 혈관 확장으로 인한 만성적인 피부질환을 의미하는데요. 간혹 구진과 농포, 부종 등이 관찰되기도 합니다.해당질환의 경우 초기 단계에서는 얼굴에 붉은 홍조가 띄는 증상이 나타나고 자외선, 열, 화학적 자극, 감정 고조, 술 등의 요인으로 인해서 유발됩니다.또한 모세혈과 확장과 모낭의 구진, 고름 등이 얼굴 중앙부에서 나타나며 모공까지 두드러기는 증상을 보입니다.증상이 심해질 경우 안면부 전체로 염증 반응이 나타나며 두피까지 악화될 수 있기 때문에 초기에 개선을 시도하는 것이 중요한데요. 한의원에서는 몸 속 건강을 도모하는 것과 무너진 면역 체계를 되찾아 정상화 시키는 것을 목표로 합니다. 체질적으로 피부가 약한 경우 호전되는 것이 더딜 수 있는데요. 한약 치료를 통해 체질을 개선하고 몸과 피부의 회복력을 높여주면 더욱 빠른 호전이 가능할 것으로 보입니다.한의원에 내원해서는 약침치료, 침치료, 광선치료 등으로 염증을 완화시켜주고 피부 순환을 높여 재생을 유도합니다. 또, 기존에 하고 있는 관리법을 체크하여 잘못된 부분은 보완하고 올바른 관리법을 알려드리고 있습니다.보다 정확한 진단과 치료를 위해 가까운 한의의료기관에 방문하셔서 진료 받으시길 권장드립니다.답변이 도움이 되셨길 바라며, 오늘 좋은 하루 되시길 바랍니다. 감사합니다."
다낭성난소증후군 진단(대구 다낭성난소증후군),"대구 30대초반/여 다낭성난소증후군최근에 생리 불순이 생기고임신도 생각하고 있어서 병원 가서 검사 해봤는데,다낭성난소증후군이라고 하네요.병원에서도 다낭성이면 임신이 힘들수 있다고 하고,집에와서 찾아봐도 안좋은 얘기들이 많아 걱정이 됩니다.주변에서 다낭성으로 생리불순이나 임신 때문에 한방 치료 많이들 받는다고이야기 하던데요한방 치료 받으면 좀 좋아지고 임신도 할수 있을지 궁금합니다.","안녕하세요, 닥톡-네이버 지식iN 상담한의사 정해리입니다.다낭성난소증후군을 진단 받으셨군요. 임신을 생각하고 계셔서 더욱 걱정이 되실 것이라 생각합니다.질문자분처럼 다낭성이나 생리불순이 있으면서 임신을 준비하기 위해 한의원에 내원하시는 환자분들이 많이 계십니다. 다낭성난소증후군은 난소 기능의 문제로, 초음파상 다낭성 난소 형태가 관찰되거나 호르몬의 불균형이 생길 수 있는 질환입니다. 난소에서 배란이 원활하게 이루어지지 않아 무월경이나 부정출혈 등의 생리 불순이 생기고,호르몬의 불균형으로 피부 트러블, 비만, 인슐린 저항성, 고안드로겐혈증(남성호르몬 과다) 등의 대사 이상이 나타나기도 합니다.임신을 위해서는 배란, 수정, 착상이라는 3단계가 꼭 필요한데, 배란은 여성의 난소에서 난자가 만들어져서 배출되는 현상을 말하며 다낭성난소증후군이 있으면 배란이 잘 일어나지 않아 임신이 어려워지게 되는 것입니다. 배란이 되더라도, 난자의 질이 좋지 않거나 호르몬의 불균형으로 인해 임신이 잘 되지 않기도 합니다. 한방에서는, 다낭성난소증후군을 일으키는 근본적인 원인을 진단하고 자궁과 난소의 기능을 정상으로 만들어 주는 치료를 합니다. 난소의 기능을 강화하여 배란 기능을 되찾아 규칙적인 생리를 하게 하고, 임신이 가능해지도록 치료합니다.또 신체의 어떤이상이 호르몬 균형을 깨뜨렸는지 원인을 찾아 바로잡아 주고 몸을 건강하게 만들어줍니다. 다낭성난소증후군이 있으면서 체중의 증가가 있을 경우에는 호르몬의 균형을 맞추어주고 정상체중으로 회복시키며피부트러블, 다모증, 탈모 등의 동반되는 증상들을 개선합니다.한의학은 오랫동안 자궁, 난소의 기능을 보강하여 여성의 생리와 호르몬을 바로 잡는 치료와 연구를 해왔으며 다낭성 난소 증후군을 치료하고 임신에 성공한 많은 사례들이 있기 때문에질문자분에게도 한방 치료가 많은 도움이 될 것입니다.상담이 도움이 되었으면 합니다. 잘맞는 치료로 건강하게 임신에 성공 하시기를 바라겠습니다. 감사합니다."
,,
,,
,,
,,
원인이 뭔지 수술 되는지 궁금해요(부산 하지정맥류),"부산 30대 후반/여 하지정맥류일어나서 조금만 움직이면 다리가 붓고 빨개집니다.하지정맥류인가 싶어 병원 몇 군데를 가봤는데...어떤 곳은 하지정맥류지만 초기라고 수술할 정도는 아니라고 하고다른 곳은 하지정맥류 아니라고 다른 원인을 찾아보라고 하네요.다리 아픈 거나 그런 거 봤을 때 하지정맥류 같은데.. 하지정맥류가 맞는지 아닌지, 맞다면 어떻게 치료해야 하는지 궁금합니다.","안녕하세요, 닥톡-네이버 지식iN 상담의사 변승재입니다.조금만 움직여도 다리가 붓고 빨개지는 증상으로 문의를 해주셨군요.다리가 붓는 원인은 여러 가지가 있기 때문에 잘 살펴봐야 합니다.물론 그중에 하지정맥류나 다리 정맥부전증 등 혈관 문제로 인한 경우도 있죠.따라서 하지정맥류가 의심스럽다면 우선 혈관 초음파 검사를 받아 보시는 것이 좋을 것 같습니다.이미 병원을 방문하셨다고 했지만 각각의 소견이 달랐다면 다른 병원의 의견도 조금 더 들어 보시는 것이 좋을 것 같습니다.혈관 초음파 검사 결과 혈액의 역류가 0.5초 이상 관찰되는 경우라면 하지정맥류 시술이나 수술로 치료를 진행해야 합니다.문제가 되는 원인 혈관을 제거하거나 폐쇄하는 등의 방법으로 혈액 역류를 막는 것이죠.물론 하지정맥류 증상은 느끼지만 아직 역류 소견이 보이지 않는 경우라면 의료용 압박스타킹 착용이나 정맥순환개선제 복용 등으로 증상 완화를 시도해 볼 수 있습니다.모쪼록 다리 불편함 없이 편안한 일상을 되찾을 수 있길 바라며... 질문에 대한 답변이 되었으면 좋겠습니다."
다리 혈관 돌출이 심해졌어요(서면 하지정맥류),"서면 40대 중반/여 하지정맥류10년 전쯤 임신 초기에 다리가 너무 아파서 병원에 갔다가 하지정맥류 진단을 받았어요.그땐 임신 중이라 의료용 압박스타킹 처방만 받았는데... 말을 안 들었죠.아는 것도 없고 바쁘게 사느라 건강에 소홀했던 건 사실입니다.친정 엄마가 하지정맥류 수술을 5년 전에 하셨고요, 저는 왼쪽 무릎 뒤로 오금? 거기에 혈관이 튀어나와 있어요.원래는 없었던 거 같은데 한 달 전쯤 딸이 말해줘서 알았습니다.처음에는 잠깐 있다 사라지겠거니 했는데 점점 아래쪽으로 돌출이 이어지는 것 같더라고요.오래 서 있으면 다리도 엄청 아프고 찌릿찌릿한 것도 있고요.잘 때 발을 쿠션 같은 데 올려놓으면 좀 나아요.지금 와서 하지정맥류 치료가 가능할까요?","안녕하세요, 닥톡-네이버 지식iN 상담의사 변승재입니다.아이고 혈관 돌출로 인해 불편함을 겪고 계시군요.. 걱정이 많으시겠습니다.우선 10년 전에 하지정맥류 진단을 받으셨다고 하셨는데, 이때의 진단 내용만으로 현재 치료를 하긴 어려움이 있습니다.번거로우시겠지만 현재 상태를 알기 위해서는 혈관병원에 방문하셔서 초음파 검사를 다시 해보시고 정맥에 어떤 문제가 있는지, 어떤 치료가 필요한 상황인지 알아 봐야 할 것으로 보입니다.또한 하지정맥류는 가족력이 있는 병으로 어머님이 하지정맥류 수술을 하셨다고 하니 조금 더 걱정이 되긴 합니다.오금 쪽 혈관이 튀어나와 있다고 하셨는데, 이것은 진단을 할 때 혈관이 도드라진 것인지 아니면 하지정맥류로 혈관 내 압력이 발생해 혈관이 늘어나면서 돌출된 것인지 감별이 필요할 것으로 보입니다.이 밖에 다리 불편함도 있다고 하시니까 정밀한 검사를 통해 불편함의 원인을 찾아야 할 것 같습니다.혈관 초음파 검사는 환자분에게 큰 부담이 있는 검사가 아니고 하지정맥류 유무도 바로 확인할 수 있기 때문에 바쁘시겠지만 빠른 시일 내 검진을 받아 보시길 바랍니다.검진 결과 혈액 역류가 0.5초 이상 관찰된다면 수술적 치료를 진행해야 하는데요, 치료 방법은 다양하고 또 환자분의 상황에 맞는 적절한 방법을 선택해야 하니 신중하게 결정하시길 바랍니다.답변이 도움이 되셨길 바라며... 하지정맥류는 초기에 치료해야 환자분의 불편함도 빨리 없앨 수 있고 일상생활도 건강하게 하실 수 있을 겁니다.꼭 병원에 다시 방문해 검진을 받으시길 권유 드립니다."
고주파온열치료병원 알아봐요(대치동 고주파온열치료병원),대치동 60대 중반/남 고주파온열치료병원고주파온열치료 병원을 어떤곳으로 가서 치료를 받아보는게 좋은가요?,"안녕하세요, 닥톡-네이버 지식iN 상담한의사 이대연입니다.고주파온열암치료 장비 중 미국 FDA 승인을 받은 BSD-2000의 경우에는 종양이 있는 위치의 환부를 어플리케이터로 둘러싸게 되며, 75~120MHz 정도의 고주파 에너지를 사방으로 8개의 안테나에서 부터 종양이 있는 부위를 향해서 집중 방사하는 방식을 사용합니다. 즉, 고주파온열암치료는 신체 내부에 있는 종양 세포에 40~43도의 치료적인 고온을 방사하는 치료방법입니다. 종양이 있는 부위를 타겟으로 설정이 가능합니다.온도 조절이 실시간으로 조절할 수 있습니다. 환자에 따라서 다르게 발생하는 종양의 부위에 맞춘 치료의 계획이 가능합니다 .종양의 위치 및 깊이, 크기에 맞춘 조절이 가능합니다.심부에 직접적으로 열을 일으키기 때문에 화상의 가능성이 낮게 나타납니다. 고주파온열암치료는 첨단 장비를 사용한 혁신적인 항암치료, 정상세포에 비해 열에 약한 암세포의 특성을 활용한 치료방법입니다. 고주파온열암 치료는 고주파를 암이 발생한 부위와 전이가 발생한 부위까지 투과하여 암세포를 선택적으로 사멸시키며 , 항암화학요법 및 방사선 요법의 항암 효과를 높이고 , 면역세포 기능 활성화 , 항암부작용 및 통증 완화 관련 우수한 효과를 나타냅니다. 물론 이는 환자 개개인마다 현재 병의 진행 상태, 체질 등을 세심하게 고려해야 하므로 해당 치료에 대한 경험과 숙련도가 높은 의료진을 통해 받으시는 것이 좋은 방법입니다."
수술 후 재활병원 치료 효과(청담동 허리수술),"청담동 40대 중반/여 허리수술허리수술을 앞두고 있는데 수술 후 재활병원에 바로 입원하려고 합니다근데 어떤 치료를 하는지 잘 몰라서요~ 치료 종류랑 효과가 궁금하고얼마나 좋아질 수 있는지, 얼마나 받아야 일상생활 가능한지 궁금합니다","안녕하세요, 닥톡-네이버 지식iN 상담의사 정용진입니다.허리 수술 후 재활병원으로 입원을 고려하고 계시는군요.환자분께서 입원하시게 되면 받게 되는 재활치료는 크게 기구치료와 도수치료, 통증치료가 있습니다.허리 수술 후 재활병원에서는 트레이밀, 기립기, 경사침대 등 다양한 기구를 이용한 기구치료를 통해 환자분의 운동 기능을 회복시키고 가동범위를 늘려줄 수 있습니다.수술 후에는 통증이 발생할 수 있기 때문에 온열 및 전기치료, 초음파 등을 통해 수술 부위의 통증을 줄여줄 수 있고, 도수치료는 물리치료사의 도움 하에 운동법을 실시하여 자세교정, 신체 불균형을 교정할 수 있습니다.이 외에도 환자분의 증상에 맞게 다른 치료가 병행될 수 있으니 자세한 안내는 수술 후 재활병원에 입원하시어 받아보시기 바랍니다. 감사합니다."
간암 요양병원 어떤게좋은가요? (가락동 간암요양병원),가락동 60대 중반/남 간암요양병원간암수술 후에 요양병원 가는게 도움이 될까요?어떤치료들을 하면서 좋은건지 알려주세요,"안녕하세요, 닥톡-네이버 지식iN 상담의사 조현욱입니다.간암수술을 받게 되면 다양한 증상이 나타나게 되기도 하고 신체 기능이 저하되기 때문에 암요양병원을 통해 관리를 받는 것이 필요합니다.암 치료 후 빠른 회복을 원하는 경우, 그리고 암 수술 후 다양한 증상이 염려되는 분들이 대상이 됩니다.요양병원에서는 간암수술 이후 수술 부위 염증 관리, 수술 부위 구축 예방 재활, 내부 장기 협착 방지, 기력, 면역 회복을 위한 관리를 해주게 됩니다.다양한 치료법과 차별화된 식단 등을 통해 최상의 활력을 끌어올려 수술 후 나타날 수 있는 증상을 관리하고 표준 암치료를 받는 동안 면역력과 체력을 유지할 수 있도록 도움을 주고 있습니다.따라서 암환자가 오랜 기간 암을 치료해 나가면서 올바른 방법을 통해 암을 이겨 나갈 수 있도록 도움을 주고 있습니다.간암수술 후 요양병원을 선택할 시에는 위치, 시설, 암환자에게 맞는 프로그램이 갖춰져 있으며, 건강식을 제공하는 곳을 알아보는 것이 필요합니다.오랜 기간 치료를 받을 수 있기 때문에 편안하게 휴식을 취하면서 관리나 치료를 받을 수 있는 곳을 선택하면 암을 이겨내는데 도움을 받을 수 있습니다."
엉덩이셀룰라이트제거 바디라인 잡기,양재 30대 후반/여 영덩이셀룰라이트제거하체비만이 있기 때문에 더욱 엉덩이셀룰라이트제거를 해야할 듯 합니다 근데 그냥 살빼살빼는거 또다른 것 같은데 어떤 방식으로 하시나요?,"안녕하세요, 닥톡-네이버 지식iN 상담의사 김수연입니다.엉덩이셀룰라이트제거 관련해서 질문을 주신 것 같습니다.바디라인을 잡아주는 효과로 셀룰라이트제거가 필요합니다병원에서의 관리가 필수라고 할 수 있는데요 제가 관련 정보를 드릴 테니 참고해주세요자꾸 살이 찌고 비만하게 되면 각종 성인병의 원인이 되기도 합니다 그렇기 때문에 되도록 멋진 몸매를 가꾸고 건강한 다이어트를 하시는 것이 중요한데요 본인의 의지대로 하기 어려운 것이 다이어트인 만큼 관리를 해줄 수 있는 곳을 찾아가서 치료를 및 관리를 받는 것도 좋은 방법이 될 수 있습니다병원에서의 치료는 약물처방 수액링겔요법 의료기 케어 대체의학요법 등을 통해 건강한 다이어트를 할 수 있습니다 면역력을 지키고 체혈관리를 해주는 등 다양한 관리를 철저하게 진행해주는 것이 특징이며 체지방분해 셀룰라이트제거까지 확실하게 만들어주는 것이 장점이라고 할 수 있습니다 다양한 의료기기 및 치료를 꾸준히 해준다면 충분히 극복해볼 수 있습니다도움이 되셨는지요감사합니다"
형과 형부인이 부모님 댁에 왕래를 안하는 이유가 황당~,"형과 형 부인이 부모님 댁에 왕래를 안 하는 이유가 타당합니까? 아무리 그래도 부모님 댁에 왕래를 해야 하며, 부모님이 시키면 하는 척이라도 해야죠?저희 어머님이 며느리가 잘못 들어와 집안이 망했다고 합니다.천천히 읽어 보세요.사건을 시대 별로 나열 하겠습니다.1. 아버지는 지식이 풍부 하시며 진보적인 사람입니다. 대한민국 사람들이 내려오는 가족 간에 호칭을 바르게 잡고자 노력을 하시며 저는 아버지 의견이 옳다고 봅니다. 그런데 형과 형의 부인 OO엄마는 아버지 뜻에 따르지 않고 아버지가 잘못 되었다고반박을 합니다.내용은 다음과 같습니다.아버지는 저와 결혼할 여자 친구, 형과 형의 부인 OO엄마에게 그동안 사람들이 잘못 알고 있는 호칭 관계를 정리해 주었습니다.형(兄)이란 단어는 혈족에만 사용이 가능하며, 여자는 남자의 혈족이 아니라 형(兄)이란 단어를 사용을 할 수 없다고 아버지는 말씀하셨습니다.아버지 말씀을 들어 보니 맞습니다. 그동안 우리는 형(兄)이란 단어의 정의를 잘못 알고 있었습니다. 형(兄)이란 단어는 남자들 사이에 사용하는 단어지 여자들에게 사용하는 단어는 아니며, 여자들 사이에는 형님이란 호칭을 사용하지 말고 나이순으로 해야 한다.그래서 저와 결혼할 여자 친구는 아버지 의견에 동의를 했는데 형과 형의 부인 OO엄마는 동의 못한다고 했습니다. 네티즌 선생님 부모가 호칭을 바꾸어서 해보자고 하면 부모님의뜻을 따라야 하는 거 아닌가요?그래서 아버지는 형의 부인 OO엄마에게 지시를 했습니다.제 여자친구를 언니라고 부르라고 했는데 결국 형의 부인 OO엄마는 못한다고 거절 했습니다. 사실 제 여자친구가 형의 부인 OO엄마 보다 1살이 많습니다.그래서 제 여자 친구는 형의 부인에게 자내 또는 OO엄마라고 부르니 형의 부인은울면서 나가더라고요.그리고 형(兄)이란 단어는 여자에게 사용하지 못하므로 아버지가 저에게 형수에게는 앞으로 이름을 부르거나 또는 누구 엄마라고 부르라고 했습니다.그래서 저는 지금도 형수라고 호칭을 안하고 이름을 부르거나 누구 엄마라고 부릅니다.네티즌 여러분 저희 부모님과 저와 제 결혼할 여자 친구가 잘못 한 건가요?부모님이 한번 호칭을 바꾸어 보자 그리고 잘못된 형(兄) 단어를 이 세상에 알려 보자우리 가족이라도 형(兄) 단어의 의미를 전 세계에게 알리자 했으면 아버지 뜻을 받아 들이고 따라야 하는 것 아닌가요? 저는 지금도 형의 부인을 이름을 부르거나 OO엄마라고 부르며 반말을 합니다. 친적이 있어도집안 어르신이 있어도 당당하게 형의 부인을 이름을 부르거나 OO엄마라고 부를 거 입니다.심지어 얼마 전에 집안 어르신이 형의 부인 안부를 묻자 저는 당당하게 아..OO엄마는잘 있는 거 같은데요. 왕래를 안 합니다. 제 부인도 집안 어르신께 형의 부인을OO엄마는 명절이고 안 오네요 했더니 집안 어르신도 이제는 저와 제 부인이 집안 어르이라며 고생이 많다고 했습니다. 그런데도 왕래  안 하는 이유도 형수란 대접과 형님 대접을 못 받아서 왕래를 안 하는 이유 중에 하나 입니다. 결국 형과 형의 부인은 지금도 왕래를 안해제 결혼식에 초대도 안했는데 소식을 듣고 왔으며, 외할머니 돌아 갈 때, 조카들 결혼식에초대를 안 했습니다. 심지어 제 아들은 큰아버지가 있는지도 모릅니다. 저희 부모님은 지금도 형과 형의 부인이 이 세상에서 가장 나쁜 놈이라고 합니다.결론 : 제 부인이 형의 부인보다 서열이 높기 때문에 형의 부인에게 자네라고 부른게 맞고형에게는 아주머니가 아니라 OO아빠라고 부른게 맞음.지금도 제 부인은 OO아빠 왜 왕래 안하라고 합니다. 저희가 결혼식하고 제 부인에게 문자로결혼 축하한다고 절에 초 밝히고 찍은 사진은 보냈습니다.제 부인이 형에게 OO아빠 한번 더 문자하면 경찰에 신고하고 내가 당신보다 어려운 사람이라고했습니다. 저는 잘했다고 봅니다 ㅎㅎ2. 저는 어머님을 보호 해야 한다고 생각합니다. 저는 이 사건만 생각하면 형을 죽이고싶으며 멱살을 잡고 싶습니다.형이 첫 번째 부인과 이혼을 하면서 형의 자식을 약 3년 간 부모님이 키워 주었습니다.형은 어머님께 미안한지 어머님께 약 3년 간 매달 30만원에서 50만원 돈을 주었습니다.명품 지갑과 명품 가방도 주었고요.그런데 아버지는 고지식하신 분이라 하나 하나 사건을 확인 하신 분이며, 법이 없어도 사시는 분입니다.어느 날 형의 부인 OO엄마에게 아버지가 그동안 형은 돈을 모은 적이 없다 그리고 부모에게 효도 한 적이 없다고 했습니다. 그런데 형의 부인 OO엄마는 아버지께 아니다 첫 번째 부인과 헤어지고 미안했는지 어머님께 매달 매달 돈을 드리고 명품 가방과 지갑도 사드렸다했더니 아버지가 정말이라고 어머님께 물어 보았습니다. 어머님은 한품도 받은 적없고가방도 받은적 없다고 했습니다. 그래서 아버지가 형을 불러서 확인을 하려고 하자집안 분위기를 보고 아버지께 죄송하다고 거짓말이라고 했습니다.당연히 거짓말이라고 해야 집안이 조용하잖아요. 그래서 형은 화가 났는지 어머님이 사주신 이불 셋트를 버렸습니다. 여러분 아버지 성격이 무서운데 당연히 형이 희생 하더라도어머님을 도와야 하는거 아닌가요? 어머님이 선물 해주신 이불 셋트 버린 행동은 형이 잘못된 행동 아닌가요?그리고 어머님이 화가 난지 형과 형의 부인 OO부인이 인사를 했는데 어머님은 화나서 아버지께 며느리가 나를 무시한다고 인사 안한다고 말했습니다. 그래서 형이 CCVT 확인해 주면서 인사 했는데 어머님이 거짓말 한거라고 해서 한바탕 집안 부위기가 안 좋았습니다.여러분 그냥 어머님 편에서 잘못했다고 하면 안되는 건가요?시월드란 단어도 있잖아요.여자 하나 잘못 들어 와서 아버지가 시킨 호칭은 안하고 정말 여자가 잘못 들어왔습니다.3. 형이 첫 번째 부인과 이혼 할 때 아버지가 형과 형의 부인 OO엄마에게 미안함을심어 주기 위해 어버님이 첫 번째 부인에게 위자료로 5천만원을 주고 매달 200만원씩3년 간 주었다고 했습니다. 형과 형의 부인 OO엄마는 아버지께 죄송하다고 했으며앞으로 새로운 부인과 잘 산다고 했습니다. 그런데 어느 날 형이 첫 번째 부인과 통화하면서 모든것이 거짓말이라고 알게 되어서 아버지께 왜 거짓말 했냐고 따졌습니다.그래서 아버지는 돈 준게 맞다고 끝까지 첫 번째 부인이 거짓말 했다고 했습니다.사실은 돈을 안주고 첫 번째 부인과 이혼 시켰습니다.그래서 지금까지 형은 아버지께 사과 하라고 합니다.여러분 부모님이 잘못해도 자식에게 사과 하는 일은 없습니다. 아닌가요?이 세상 어떤 부모님이 잘못을 해도 자식에게 사과하는 부모는 없다고 봅니다.아버지가 형에게 거짓말을 했나요? 아니잖아요?4. 저희 형이 재혼을 하면서 새로운 형의 부인 OO엄마와 자식을 키우고 있었습니다.그런데 형의 자식 큰 딸이 형에게 혼나서 저희 아버님 집으로 왔습니다.형의 자식이 아빠에게 가기 싫다고 해서 저희 아버님이 손주를 생각해서 아버님 집에 손주의 방을 만들고 형에게 너 자식 우리가 키울테니 옷 다 보내라고요. 통보를 했습니다. 그리고 애들은 셋트라서 큰애 작은애 둘다 보내라고 했습니다.그래서 제가 옷을 가지로 갈 때 형의 부인 OO엄마가 저에게 다시는 딸을 돌려 보내지말라고 했습니다. 그래서 제가 OO엄마 고맙다고 해야지 왜 지랄이라고 했습니다.할아버지 입장에서 손주가 혼나서 와서 얼마나 마음이 아팠으면 방을 만들고 아버지돈을 들어서 손주를 키우겠습니까? 그래서 형이 아버지 집에 왔다 갔다 하면서 애들을 달라고 했는데요 애들이 안간다니안보냈습니다.그래서 형이 울면서 애들 옷을 보냈습니다. 그리고 어떻게 해서 막내만 데리고 오고 형에게 혼나서 갔던 큰애는 못데리고 왔습니다. 그래서 형은 어머님께 부탁을 했더군요. 재혼을 해서 가정을 만들었고 애들 잘 키워 보겠다고 했는데 큰애가 혼나가서할아버지 할머님 댁에 갔으면 잘 타일러서 돌려 보내야지 왜 데리고 갈려고 하나고형이 어머님께 말했습니다. 어머님은 형에게 니 딸이야 니 딸이야 내가 키우던 니가 키우던 니 딸이라고 말 했습니다.형이 10년 넘도록 왕래를 안 했던 이유중 하나 입니다. 형은 지금도 아버지 어머님께사과 하라고 하면서 왜 딸과 인연을 끊어 놓고 추억의 사진도 없다며 하소연 합니다.여러분!! 장난 합니까? 부모님집에 왕래 하면 되는데 지들이 왕래를 안해 놓고 왜 언뚱한 부모님께 하소연 합니다. 왕래 하면서 사진도 찍고 놀려 다닐수 있잖아요?형이 부모님께는 자기 자식들 남매의 정을 끊어 놓았다고 하는데 형과 형의 부인이왕래를 안해서 형의 자식 남매들이 끊어진거 아닌가요? 네티즌 선생님 어르신 형의 자식을 데리고 가서 키웠으면 형은 고마워서라도..아버지께 고맙다고 해야 하고 저도 조카를 위해 가방도 사주고 했는데요.그래서 제가 결혼 하는 날에 형을 초대 하지 안았으며 형과 형의 부인만 오면 집안이 시끄럽고 조용할 날이 없습니다.형은 어디서소식을 들었는지 제 결혼식에 왔습니다. 그리고 사진만 찍고 갔습니다.형과 형의 부인이 부모님 집에 안 온 이유가 위에서 말한 내용 때문이라고 합니다.저 같으면 왕래 했으며 오히려 부모님이 형때문에 고생하는데 고맙다고 해야죠.형의 자식이 아버지 집에 있어서 자신의 마음이 아파서 왕래를 안 했다고 하는데요.이게 말이 됩니까? 아버지가 형의 손주를 키우는데요..왕래를 해야죠 고맙다고 해야죠..그리고 저희 아버지가 잘 키웠는데 20살이 넘어서 가출을 했습니다.그래서 아버지가 형에게 너희들 자식이라서 찾아 보라고 했습니다.당연히 형 자식이라서 찾아야 하는 거 아닌가요?형이 아버지께 하루가 멀다고 아버지가 데리고 갔네..아버지가 부자 지간에 멀어지게 했네아버지때문에 자식과 추억이 없다고 했습니다.어르신 네티즌 선생님께 다시 질문을 드립니다. 형이 안 와서 사진을 못찍었으며 형이 왕래를 안 해서 형 자식이 가출을 한건데요. 왜 저희 아버지 탓으로 돌린가요? 이 모두가 저희 형 잘못인데요.5. 저희 형이 꾀병 인지 모르겠지만 형이 스트레스를 너무 받아 길에서 쓰려졌으며,거형의 부인 OO엄마가 전화가 와서 형이 의식이 없다고 하여 저와 아버지 어머니는병원에 갔습니다.그 다음날 아버지가 병원에 전화해서 사실을 파악해 보니 의식이 있는 상태에서 길가던 행인 도움으로 응급실에 왔다고 했습니다.그리고 형의 부인 OO엄마가 병원에 갔을 때 형이 잠이 들어 있는 모습을 보고 아버지어머니 저에게 의식이 없다고 했습니다.네티즌 여러분 저희에게 전화 하기 전에 의식이 있는 상태에서 병원에 왔는지 확인부터 하고 저희에게 전화해야 하지 않나요?그래서 아버지가 형의 부인 OO엄마를 불러 화를 내며 왜 의식이 있는 상태에서 들어왔는데 왜 의식이 없다고 거짓말 했냐고 아버지가 형의 부인 OO엄마에게 묻자응급실에 들어 왔을 때 분명히 의식이 없었다.아버지께 말 댓구를 했습니다.그냥 형의 부인 OO엄마가 잘못했다고 하면 되는데 왜 아버지 말에 말 댓구를하자 화가난 아버지가 형의 부인 OO엄마를 폭행 하려고 하자 형이 아버지를 말리고형의 부인 OO엄마를 데리고 나갔습니다.네티즌 선생님 말이 됩니까? 어떻게 아버지 앞에서 형의 부인 OO엄마를 데리고 나갑니까?저와 아버지 생각을 같습니다. 그날 아버지가 형수를 폭행 하려고 할 때형도 아버지를 도와서 같이 형의 부인 OO엄마를 때려야 한다고 아버지가 저에게 말했고저도 형이 그렇게 행동을 해야지만 아버지 체면을 세워 드려야 하며 형이 확실히 잘못한 것인데도 형은 아버지께 형의 부인 OO엄마에게 사과 하라고 합니다.어떻게 아버지가 며느리에게 사과 합니까?말이 됩니까?시아버지는 하늘 높은지 모르는 형의 부인 OO엄마가 잘못이죠?6. 아버지가 형을 미워하는 당연히 저도 형을 미워 하는게 옳다고 봅니다.그런 형이 아버지 살아 생전에 형제 끼리 잘지내는 모습을 보여 주고 싶다며 저와(동생) 저녁 식사 자리를 만들어 달라고 했습니다.저는 아버지 뜻에 따라 형을 제 결혼식에도 안부르고 제 자식 돌잔치, 지금까 부모님 뜻에 따라 형과 거리를 두고 있습니다.형은 계속 아버지께 저와 잘 지내고 싶다는데 아버지가 형을 미워하는데 왜 제가 형과 잘 냅니까? 위 사건 내용을 읽어 보시면 이 모든게 형만 조용히 살면 집안이조용한데 아버지 집에 한번도 오지 않는 사람들과 왕래를 해야 하나요?어르신 네티즌 여러분 저희 아버지 생각이 틀렸나요? 저는 옳다고 봅니다.위 사건을 읽어 보시면 형과 형의 부인 OO엄마는 부모님 뜻을 거역하며 저와 관계 개선을 하고 싶다고 하지만 계속 아버지께 사과를 요구 합니다.얼마전에 형이 뇌경색과 급성 심근경색으로 중환자실에 있다고 들었는데요.각자 삶인데 우리가 외 갑니까? 형은 저에게 형이 건강할때 밥한번 먹자고 하는데요.이제와서 집안을 풍지 박살 내 놓고 교류입니까?여러분 같으면 이해가 가세요?형이 아버지께 사과를 요구를 하는 것은1. 형의 부인 OO엄마를 시아버지가 폭행 하려고 한 짓을 사과 하라고 하고 2. 이혼한 전 부인에게 위자료를 주었다고 했는데 거짓말 한 것을 사과하라고 하며, 3. 딸 데리고 상의 없이 데리고 가서 가출하게 만들었던 것과 큰딸과 추억이 없이 살아온 세월을 사과하라고 합니다.여러분 형과 형의 부인OO엄마에게 부모님이 사과를 해야 합니까?그리고 아버지 뜻에 따라 형의 부인 OO엄마을 제가 이름 부르고 반말을 하며 제 부인이 형의 부인에게 자네라고 하고 반말 하는 것은 부모님 뜻인데요.부모님 뜻을 받아 들이고 부모님께 형과 형의 부인은 용서를 구해야 한다고 봅니다.여러분 부모님은 한 평생 살다 가는 것은 아닙니다. 부모님이 간절히 바라면 해야 하는 것 아닌 가요?형과 형의 부인이 조용히 넘어가면 집안이 평화롭고 조용히 하는데저와 재 부인은 지치고 힘듭니다.네티즌 선생님 이해가 가세요? 왕래 안하는 이유가요?아무리 부모가 그래도 왕래를 해야죠?아닌가요?",차암 글못씁니다근데 호칭은 ㅋㅋ 무슨ㅋㅋㅋ진보는 개뿔ㅋㅋㅋㅋㅋㅋ 댁의 남자들이 이상한걸 왜 다른 정상인들한테 뭐라합니까 ㅋㅋㅋㅋ개웃기네 진짜 ㅋㅋㅋ
치질 생기면 항문외과 가야하나요?(분당 치질),"분당 20대 초반/여 치질1년 전 고3 시작하면서부터 계속해서 트림이 나오고 가스가 차고 변비가 있습니다. 올해에는 재수를 하게 되었습니다. 대변을 거의 매일 보는 편이지만, 주로 토끼똥 모양으로 나옵니다.오래 앉아만 있어서 그런지 치질도 좀 생긴 것 같은데 항문외과를 가는 것이 맞나요?","안녕하세요, 닥톡-네이버 지식iN 상담한의사 홍욱기입니다.재수생인데 여러 증상과 치질로 고생이시네요.항문에 문제가 생기는 질환을 치질이라고 하며 치질의 종류에는 치핵 치열 치루 등이 있습니다. 주된 증상은 항문의 통증 출혈 돌출 등이 있습니다. 치질의 원인은 장내 문제, 대변의 상태이상이 가장 많습니다. 장을 자극하는 음식은 권장되지 않습니다. 스트레스를 많이 받거나 과로를 하는 것도 항문 컨디션을 안좋게 만들고 음주도 매우 좋지 않습니다. 아무래도 고3분들이나 재수생 등의 수험생분들은 하루종일 앉아서 공부만 하는 경우가 많다보니 항문괄약근에 압력이 생겨서 괄약근이 약해지게 됩니다. 그래서 여학생들은 변비나 치질 생리통이 심해지는 경우도 많습니다. 외과는 기본적으로 수술을 하기 위해서 있는 병원입니다. 항문외과는 항문을 수술하기 위해서 있는 곳으로 치질이 있다고 반드시 수술을 해야하는 것은 아닙니다. 그리고 심각한 치질이 아니라면 치질의 원인을 먼저 개선하면 점점 개선되게 됩니다. 여러 병원에서 치료나 관리로도 해결이 안되고 증상이 계속 되면 구강부터 항문까지 소화기관 전체를 집중적으로 치료하는 한방내과한의원에서 한방내과 전문의에게 내 몸 상태가 지금 어떤 상태인지 병원 검사에서 발견되지 않는 부분에 대해 진찰받으시고 내 몸에 맞는 치료 및 생활요법 관리를 통해 건강을 되찾으시기를 바랍니다. 감사합니다 ."
틱 증상일까요?,마포 소아/여 틱증상아이가 한쪽 눈을 자주 깜빡이는데 이것도 틱 증상인가요?주위에서도 틱인 거 같다고 얘기해줘서 병원에 데리고 가볼까 하긴 했거든요..오래 지속되면 안 좋다고 들었는데 치료를 받으면 좋아지긴 할까요?,"안녕하세요, 닥톡-네이버 지식iN 상담한의사 정승원입니다.자녀분이 한쪽 눈을 자주 깜빡거리는 군요. 틱은 무의식적으로 같은 동작을 반복하거나 혹은 어떤 동작을 하지 않으면 몸이 너무 불편해져서 의식적으로라도 그 동작을 반복하게 되는 경우를 말합니다. 틱치료한의원에서 틱을 치료하는 방법과 과정에 대해 안내해 드릴테니 참고하시기 바랍니다.틱은 가장 먼저 심신의 긴장을 해소시켜주는 것이 필요합니다. 동작이나 음성을 반복하는 것이 몸의 긴장감을 해소하기 위한 것이기 때문인데요. 그렇기 때문에 몸을 이완시켜주고 마음을 편하게 해주는 한약 치료를 주 치료로 시작하게 되고 필요한 경우 스티커침, 물리치료를 병행하게 됩니다. 간혹 두뇌 발달의 불균형으로 증상이 발생하는 경우도 있는데 이런 경우에는 뇌파 훈련을 하기도 하구요.틱장애는 성장기 아이들에게 나타날 수 있는 흔한 질환입니다.하지만 제 때에 치료하지 않으면 그로 인한 주변의 반응으로 아이가 마음의 상처를 입게 되거나 혹은 두뇌발달을 방해하여 ADHD, 학습부진 등으로 이어지기 때문에 조기에 관리가 필요한 질환입니다.틱치료는 원인을 잘만 관리해주면 좋아질 수 있는 질환이니 너무 고민하시기보다는 틱을 .. 치료하는 한의원에 방문하셔서 상담을 받아보시길 권해드립니다.제 답변이 도움이 되었길 바랍니다. 갑사합니다."
메니에르병 어지럼증 질문(성북구 메니에르어지럼증),성북구 30대 후반/여 메니에르어지럼증최근에 스트레스를 받는 일이 많나보니 어지럼증이 심해 병원에서 검사를 해보았는데메니에르병이라고 나왔습ㄴ디ㅏ 치료를 하려고 보니 나아질 기미가 없어한의원에서 치료를 받으려고 하는데 어떤치료를 하는지 궁금합니다메니에르병 나을 수 있는 질환인가요? 너무 어지러워서 힘듭니다,"안녕하세요, 닥톡-네이버 지식iN 상담한의사 송태호입니다.메니에르병 때문에 어지럼증을 겪고 계시군요일상생활 속에서 많이 불편하시겠습니다극심한 어지럼증 증세를 동반하는 메니에르병은 귀울림 뿐만 아니라 먹먹함, 청력 감소 등 갑작스럽게 발생하는 경우가 많습니다.병증이 진행되는 정도가 심하다면 이런 증상 전부 경험하기도 하는데요재발도 잦은 질환이기 때문에 근본적인 원인을 치료하는 것이 바람직하며, 재발이 일어나지 않도록 꾸준하게 관리해야 합니다.메니에르병의 원인은 완벽하게 밝혀지진 않았지만80%가 귀의 원인으로 내림프액의 흡수 장애, 혈관 문제 등으로 보고 치료하고 있으며자가 면역 질환 등으로 보기도 해 과로 및 스트레스와 상관관계가 있다고 보고 있습니다.메니에르병을 치료하기 위해 한의원에서는침, 약침, 추나요법, 한약 치료를 하고 있습니다.환자의 맞춤처방은 물론 개개인에 다른 증상에 따라 치료를 진행하고 있으며 신체 상태, 체질에 치료하고 있습니다.김사합니다."
뇌종양 요양병원 어떤곳으로?(성내동 뇌종양요양병원),성내동 70대 초반/남 뇌종양요양병원뇌종양으로 치료받으면서 어떤것들이 도움이 될까요?요양병원은 어떤곳으로 알아보는게 좋을까요?,"안녕하세요, 닥톡-네이버 지식iN 상담한의사 조현주입니다.뇌종양 치료 기간에는 면역력을 향상해주기 위한 관리를 병행하시는 것이 좋습니다. 왜냐하면, 면역력이 저하된 경우 환자의 회복이 더딜 수 있고, 치료의 후유증 등이 심해질 수 있기 때문인데요. 요양병원에서 환자가 치료 기간 동안 질병에 대항하는 면역력을 향상할 수 있도록 셀레늄 등을 이용한 항산화제 요법을 시행하고 있습니다. 암세포의 성장을 억제하고, 면역 기능이 활성화될 수 있도록 도움을 줄 수 있는 치료로 알려져 있으며, 구토, 오심 등 항암치료 부작용을 낮추는 효과가 있을 수 있습니다.만약 환자가 면역력과 기력이 크게 떨어지면 영양 수액 치료를 시행할 수 있는데요. 영양 수액에는 아미노산, 지질, 단백질, 비타민 등 다양한 영양소를 포함하고 있으며, 이를 인체에 공급함으로써 저하된 면역력과 기력을 회복할 수 있도록 도와주고 있습니다.많은 환자분이 항암치료 기간에 식욕이 떨어져, 식사를 제대로 하지 못하는 경우가 많습니다. 또한, 뇌부종 치료를 하면 당뇨병이 발생할 수 있어, 혈당 조절을 위한 식단이 필요한데요. 환자와의 상담을 통해 이러한 부분을 꼼꼼하게 챙겨 그에 맞는 항암 식단을 구성해주고 있습니다.뇌종양 치료를 위해서는 수술 등의 치료 외에도 운동치료, 면역치료, 식이 관리까지 꼼꼼하게 관리가 병행될 수 있습니다. 힘드시겠지만 위치, 시설, 환자에게 맞는 치료 프로그램이 갖춰져 있고 건강한 식단을 제고하는 요양병원을 통해 관리를 받게 된다면 암을 이겨내고 건강을 회복하는데 도움이 될 수 있습니다."
이명이 한의원에서 치료할까요?(분당 이명),"분당 60대 중반/여 이명이명이 양쪽에서 들린 지 1년이 넘었습니다. 저녁에 갑자기 어지러워서 체했나 해서 토하면 괜찮을 줄 알았는데, 토해도 계속 그래서 다음날 병원 응급실에 가서 모든 검사를 해봤는데 아무 이상 없다고 들었습니다. 어지럼증이 생긴 적은 처음이었습니다. 남편과 함께 장사를 하는데, 증상 생기기 며칠 전에 과로를 했었습니다. 명절이나 쉬는 날 전에는 항상 바쁘고, 이번에는 평소보다 3배 정도로 일했습니다. 예전에는 이렇게 과로해도 힘든 줄 몰랐는데, 이제는 좀 무리가 되는 것을 느낍니다. 대변은 2일에 1회를 보며, 수면이 불량하며, 스트레스를 매우 많이 받습니다.키 156cm 체중은 65kg 입니다.이명과 어지럼증이 상관이 있다는데 이비인후과 신경과 가봐도 차도가 없네요 한의원에서는 치료될 수 있을까요? 메니에르라고도 하던데 메니에르병일까요?","안녕하세요, 닥톡-네이버 지식iN 상담한의사 홍욱기입니다.이명과 어지러움은 매우 흔한 증상이면서도 그 원인이 매우 다양해서 정확한 원인을 찾기가 쉽지 않습니다.이명과 어지럼증으로 병원에 내원하여 뇌 MRI나 CT를 비롯하여 각종 검사를 해도 정상인 경우가 많으며,원인도 모른 채 고통 받고 있는 환자들이 많은 것이 현실입니다.이명과 어지럼증은 몸이 전체적으로 피곤하고,어깨도 뭉쳐있고, 머리는 맑지 못하면서 멍하고, 속도 간혹 메슥거리면서 이명도 생기고 어지럼증이 발생하는 경우가 대부분입니다. 신체 여러 기관이 귀의 청각기능 전정기관 기능에 영향을 주는 것입니다.이렇게 이명 난청 현훈 증상이 같이 발생하는 병으로는 대표적으로 메니에르 병이 있습니다. 특히 속이 울렁거리거나 메슥메슥하면서 어지럼증이 나타나는 경우를 한의학에서는 담훈(痰暈)이라고 하며 담적과 이명 어지럼증의 관계를 표현하고 있습니다. 현대의학적으로는 위장의 문제로 인한 자율신경 자극이 귀의 청각기관 전정기관에 영향을 주는 것과 일맥상통합니다.한의원에서는 소화기능을 강화하여 담을 제거하고, 피로 및 뒷목의 긴장을 해소함으로써 청각기능과 전정기능을 회복하는 방법으로 이명 어지럼증 메니에르를 치료하고 있습니다.여러 병원에서 치료나 관리로도 해결이 안되고 증상이 계속 되면 머리부터 발끝까지 담적병을 집중적으로 치료하는 한방내과한의원에서 한방내과 전문의에게 내 몸 상태가 지금 어떤 상태인지 병원 검사에서 발견되지 않는 부분에 대해 진찰받으시고 내 몸에 맞는 치료 및 생활요법 관리를 통해 건강을 되찾으시기를 바랍니다. 감사합니다 ."
위암 항암 중 암요양병원에서 한방치료(대전 암요양병원),"대전 60대 초반/여 암요양병원엄마가 위암으로 수술을 했습니다.조만간 항암 치료 시작할 에정인데, 기력이나 면역력이 많이 떨어질까봐 걱정이네요.관련 치료 될만한 병원 알아보고 있는데, 엄마가 원래부터 한의원이나 한방치료를 좋아하셔서 그쪽으로 알아보고 있는데요.암 치료에 도움이 되는 한방치료들이 어떤 것이 있을까요?","안녕하세요, 닥톡-네이버 지식iN 상담한의사 최도영입니다.어머니를 위해 암 환자 한방치료가 가능한 곳을 찾고 계시는군요.먼저 양방에서는 암치료법이 수술이나, 항암화학치료, 그리고 방사능 치료로 어느정도 표준화가 되어있습니다.하지만 암이 다른 곳으로 전이되었거나, 많이 진행되었다면 치료의 목적이 아닌 삶의 연장과 증세의 호전을 기대하며 치료를 시행하게 됩니다.하지만 한방에서는 정형화된 암치료법이 존재하지 않습니다. 때문에 개개인에 적용되는 맞춤치료를 할 수 있다는 것이 큰 장점입니다.궁금해하시는 여러가지의 한방 암치료법 중에서 몇가지를 소개시켜드리겠습니다.- 한약치료유산균이나 미생물로 한약재를 발효 처리하여 유효성분을 분해 추출한 한약 요법입니다. 항암 독성을 완화하여 몸의 손상을 최소화하고, 위장을 활성화하여 원활한 식사를 통해 영양 공급이 되게 하며, 몸의 면역 능력을 키워 전이와 재발을 최소화 하도록합니다.- 약침치료한약재의 약효성분을 추출하여 정제, 혼합, 희석, 증식, 분리의 과정을 거쳐 주사약으로 만들어 체내에 주입하는 치료입니다. 순수 한약재로 만들었기 때문에 부작용으로부터 안전하며, 효과는 높고 빨라 많이 찾으십니다. 질병의 부위에 직접 한약성분을 주입할 수 있어서 약효가 매우 빠른 편이며, 소량으로도 효과를 볼 수 있습니다.- 왕뜸치료온열 치료의 원리를 이용한 치료법으로 복부에 왕뜸을 놓습니다. 쑥의 약리 작용으로 몸 안의 혈액 및 기의 순환을 유도하며, 대사순환장애를 개선하고 면역력을 높입니다. 강한 온열 자극으로 위장을 강화시키며, 신경을 자극해 염증을 완화시키는 효과가 있습니다. 암으로 유발된 스트레스와 피로를 푸는데에도 도움이 됩니다.이외에도 간정화요법, 임독맥온열도포법 등 다양한 치료를 받으실 수 있으며 기혈 순환 촉진, 염증 완화, 면역력 증진, 표준 치료 효과 극대화 등의 효과를 보실 수 있으니 잘 알아보시고 결정하시기 바랍니다."
F층 나타나는 거 보면 어떤 느낌이 드세요?,"빌딩이나 아파트, 백화점, 회사 같은 공공장소에 갈 때 엘리베이터를 타잖아요. 높은 곳으로 갈때요.그런데 4층이 '죽을 사(死)'로 생각하여 불길한 숫자로 여겨 '4'를 'F'로 표시되는 곳도 흔하잖아요.하지만 병원이나 모텔 같은 엘리베이터를 타면 3층 다음에 5층으로 대부분 나오죠. 4층을 건너뛰고요.근데 위로님은 엘리베이터 탈 때 F층이라는 표시 처음 봤을 때 살짝 무섭다는 느낌 안 드셨어요?요새도 F층이라는 표시된 걸 보면 좀 무섭거나 그런 느낌 안 드시나요?","네, 4라고 써있으면 아무생각 안드는데저도 괜히 f층이라고 하면 꺼림찍한 느낌이 들어요 ㅠ"
정맥류도 디스크도 아닌데 밤에 다리저림(포항 하지불안),포항 40대 초반/여 하지불안제가 하지정맥류가 있는 것도 아니고 디스크가 있는 것도아닌데 밤에 다리 저림 증상이 심해서 걱정입니다.병원 가보니 관절염 같은 것도 아니고 류마티스도 아니라는데혹시 어떤 병인지 알고 계시는 분 계실까요?,"안녕하세요, 닥톡-네이버 지식iN 상담한의사 안윤영입니다.하지정맥류도 디스크도 관절염도 아닌데 밤마다다리저림 증상이 있어 많이 당황하셨을 것 같습니다.이 증상은 하지불안증후군이라고 불리는 증상인데요.하지불안증후군 유병률은 약 7.5%로 생각보다 많은 분들이이로 인해 고통을 받고 계십니다. 하지만 이를 질병으로인식하지 않아 의료기관을 내원하지 않는 일이 많은데요.증상은 다리에 불쾌한 감각 이상, 고통스러운 느낌,종아리부터 허벅지까지의 근질거리고 스멀거리는 느낌이대표적입니다. 저리는 느낌도 있으며 다리를 움직이고자하는 충동을 강하게 느끼기도 합니다. 이로 인해 수면장애를겪게 되며 삶의 질이 저하되는 원인으로 귀결되기도 합니다.이러한 하지불안증후군의 원인은 도파민이 감소하는 데에있는데요. 철분 결핍이나 말초신경병증, 관절염이나 항우울제사용이 관계가 깊습니다. 한의학적 관점에서는 근육을 주관하는간의 기운이 막히고 기혈, 간신의 기운이 부족하여 순환 장애로제반 증상이 발생한다고 보고 치료하는데요. 하지불안증후군은신체적 증상 외에도 심리적 불편감까지 함께 치료해야 합니다.한방 의료기관에서는 침, 뜸, 한약, 부항을 이용하여 신경전달물질,호르몬 조절로 도파민 시스템 이상을 바로잡고 뇌 기능 불균형을조정하고 있습니다. 지지요법, 인지치료로 정서적 스트레스를해소하는 것은 물론 이완법, 심리상담을 통해 스스로 증상을컨트롤하게끔 자신감도 심어드리니 참고 바랍니다. 감사합니다."
우울증 테스트,우울증 검사 무료로 할 수 있는 사이트?가 있을까요넷상에 떠돌아다니는 거 몇 개 해봤는데 신빈성이 있는 건지 잘 모르겠어서요..그나마 정확한 테스트같은 거 없을까요?,"안녕하세요.그림마음연구소 대표 진아영 입니다.​우울증에도 갑작스런 최근의 스트레스발생 요인, 사건, 혹은 기질 등에 따라 원인과 증상이 다릅니다.또한 우울검사라고 있지만, 어떤 상황, 요인에서 기인했는지 알기 위해병원에 방문하여 다양한 추가검사 및 면담을 통해 자세하고 면밀하게 알아보는 과정을 갖습니다.아동청소년의 우울, 성인우울, 산후우울이나 배우자 사별등으로 인한 급성 우울 등에 따라 증상이 달라 검사에 따라서도 결과가 다르게 나올 수 있습니다.​이러한 과정을 갖기 전, 스스로 나의 현 상태를 간단하게나마 알아볼 수 있는 것이자가 간이 우울증 검사입니다.정부 보건 기관 홈페이지에서 여러군데에서 제공하고 있습니다.여러 사이트 링크 첨부해드리니 참고하세요.​병원이나 상담센터에 방문이 가능하면 진단 및 약물복용이 아니더라도 상담을 받아보실 수 있으니최근 정서적 어려움이나 스트레스, 우울등을 경험하고 계시면용기내셔서 꼭 방문하셔보시길 바랍니다.​감사합니다.​https://www.djjunggu.go.kr/mental/sub04_01_05.do              성인우울증검사 > 정신건강 자가검진 > 자가진단 > 성인우울증검사 정신건강 자가검진 자가진단대전광역시 중구 정신건강복지센터 www.djjunggu.go.kr            성인우울증검사 > 정신건강 자가검진 > 자가진단 >​https://health.dobong.go.kr/service/selfcheck_depressive.asp              상담/참여마당>자가진단>우울증자가검진 상담/참여마당 우울증자가검진 홈 > 상담/참여마당 > 자가진단 > 우울증자가검진 우울증 자가진단테스트검사지 관련 문항별 극히드물다(일주일동안1일이하), 가끔있었다(일주일동안 1~2일), 종종있었다(일주일동안3~4일), 대부분그랬다(일주일동안5일이상) 설문조사 내용 입니다. 문항 극히드물다 (일주일동안 1일이하) 가끔있었다 (일주일동안 1~2일) 종종있었다 (일주일동안 3~4일) 대부분그랬다 (일주일동안 5일이상) 1) 아무렇지도 않던 일들이 괴롭고 귀찮게 느껴졌다. 극히드물다(일주일동안 1일이하) 가끔있었다(일주일동안 1~2일) 종... health.dobong.go.kr            상담/참여마당>자가진단>우울증자가검진​https://www.goyang.go.kr/health/health02/health02_4/health02_4_5.jsp           산후우울증자가진단 : 보건소 > 사업안내 > 모자보건 > 산후우울증자가진단 산후 우울 자가진단(에든버러 검사) 1) 진단기준 0~8점 : 정상 9~12점 : 상담수준(경계선) 13점이상 : 심각한 산후 우울증 ‘고양시 정신건강증진센터’에서 산후우울증과 관련하여 도움을 드립니다. 혼자 고민하지 마시고 도움을 요청하세요. ( www.goyangmaum.org , ☎031)968-2333 또는 1577-0199) 진단 항목 산후 우울 자가진단 표이며 진단 항목 정보 제공 1. 나는 재미있는 것을 보고 웃을 수 있었다. 평소처럼 그럴 수 있었다. (0점) 평소보다는 다소 덜했다. (1점) 평소보다 확실히 덜했다.... www.goyang.go.kr            산후우울증자가진단 : 보건소 > 사업안내 > 모자보건 > 산후우울증자가진단​https://www.dangjin.go.kr/health/sub06_08_06.do           당진시청 당진시청 www.dangjin.go.kr            당진시청"
정신질환 배우자 와의 생활.. 심각하게 고민됩니다.,"안녕하세요저의 배우자는 중증 우울증, 조울증과 더불어 공황장애,불안장애,광장공포증,조현병 그리고 어느정도의 의처증까지 갖고있습니다.처음 연애땐 극심한 정도는 아니여서 제가 옆에서 케어하고 병원 잘 다니고 약 잘 먹고 도와주면 나아질수 있겠다 라고 생각해서 함께 했습니다. 그렇게 3년.. 나아지긴 커녕 우울증은 더욱 심해져만 가고 심지어 심각한 자살기도 또한 두세번 정도 있었습니다만 저 스스로를 다독이며 멘탈 무너지지 않으려 부던이 노력하고 있었습니다.그렇게 지내던 도중 배우자가 갑자기 의처증이 생겨 조금만 늦게 들어와도 여자 만났냐며 알수없는 의심이 심해졌습니다.그러다 혼인신고를 안하면 너(저)때문에 죽어버리겠다며 목과 손목에 칼로 그으며 난동을 피워 경찰도 왔었고 보호입원도 몇번 하여 결국 혼인신고를 했죠그런데 그렇게 했음에도 의처증은 그대로고 배우자의 증상도 그대로고 저는 계속 지쳐만 갑니다. 배우자 챙기느라 회식은 아예 참석은 꿈도 못꾸고 일하던 도중 전화와서 울고, 옆집에서 민원들어와 간적도 몇번 있습니다.또한 중증 우울증으로 인하여 사회생활은 전혀못하니 전적으로 제가 외벌이를 하는 상황이죠 하루에 14시간을 일하고있고요. 아침 9시에 출근해서 밤 11시에 퇴근해서 집에 오면 배우자는 낯에 내내 자다가 그때 일어납니다. 퇴근해서 저 씻고 밥챙겨주고 설거지 하면 새벽 1시 배우자는 아침 내내 잤으니 못자고 저는 계속 선잠자다가 출근.. 반복.. 너무 힘드네요두서없이 말을 적은거 같아 정신없으시겠지만 제가 적은 말의 요지는 ""저는 점점 지쳐가고 있고 피폐해져 간다""는 것입니다.어떻게 해야 좋을까요이혼을 한다면 어떤 방법이 있을까요","안녕하세요저의 배우자는 중증 우울증, 조울증과 더불어 공황장애,불안장애,광장공포증,조현병 그리고 어느정도의 의처증까지 갖고있습니다.​적극적인 치료 의사나 개선 노력이 없는 상황이고,두 분 사이에 자녀가 없으시다면,이혼을 적극적으로 고려해 보시는 게 맞습니다.​처음 연애땐 극심한 정도는 아니여서 제가 옆에서 케어하고 병원 잘 다니고 약 잘 먹고 도와주면 나아질수 있겠다 라고 생각해서 함께 했습니다.그렇게 3년.. 나아지긴 커녕 우울증은 더욱 심해져만 가고 심지어 심각한 자살기도 또한 두세번 정도 있었습니다만 저 스스로를 다독이며 멘탈 무너지지 않으려 부던이 노력하고 있었습니다.​그렇게 지내던 도중 배우자가 갑자기 의처증이 생겨 조금만 늦게 들어와도 여자 만났냐며 알수없는 의심이 심해졌습니다.​중요한 얘기는 아니지만, 의처증이 아닌 의부증이겠죠? ^^​그러다 혼인신고를 안하면 너(저)때문에 죽어버리겠다며 목과 손목에 칼로 그으며 난동을 피워 경찰도 왔었고 보호입원도 몇번 하여 결국 혼인신고를 했죠​그런데 그렇게 했음에도 의처증은 그대로고 배우자의 증상도 그대로고 저는 계속 지쳐만 갑니다. 배우자 챙기느라 회식은 아예 참석은 꿈도 못꾸고 일하던 도중 전화와서 울고, 옆집에서 민원들어와 간적도 몇번 있습니다.​회식이야 뭐 참석해도 그만 아니어도 그만이지만.혼자서 생계 책임 지시면서 심지어 그 직업 활동마저도 편하게 하지 못 하시고,집에서마저 살얼음이라니.. 상상도 못 할 고생을 하고 계신 듯요​또한 중증 우울증으로 인하여 사회생활은 전혀못하니 전적으로 제가 외벌이를 하는 상황이죠 하루에 14시간을 일하고있고요. 아침 9시에 출근해서 밤 11시에 퇴근해서 집에 오면 배우자는 낯에 내내 자다가 그때 일어납니다. 퇴근해서 저 씻고 밥챙겨주고 설거지 하면 새벽 1시 배우자는 아침 내내 잤으니 못자고 저는 계속 선잠자다가 출근.. 반복.. 너무 힘드네요​그렇게 해도 질문자님이 받아 주시니까요.. 그렇게 해도 살아 지니까요..물론 질문자님의 잘못은 아닙니다..다만 배우자분께서 그걸 이용하고 계신 듯요​두서없이 말을 적은거 같아 정신없으시겠지만 제가 적은 말의 요지는 ""저는 점점 지쳐가고 있고 피폐해져 간다""는 것입니다.​어떻게 해야 좋을까요이혼을 한다면 어떤 방법이 있을까요​이미 정답은 알고 계실거에요..배우자가 적극적으로 개선 의지나 치료 의지가 없다면 갈라 서는 게 맞습니다.이렇게 참고 배려하고 희생하신다고 해서 누구 하나 행복해 지지 않습니다.둘 다 불행해 질 뿐이죠..​다만, 현재 상황에서 질문자님이 이혼을 하게 되신다면.배우자분은 극단적 선택을 할 가능성도 배제하지 않을 수 없습니다.배우자분의 가족이 있으시다면, 강제 입원이나 추후 관리를 어느 정도 조율 하셔야 할 듯요..배우자분의 가족이나 맡길만한 사람이 없다면, 동사무소 등에 지원이 되는지 상담 받아 보시길.."
턱살 시술 질문,고등학교 2학년이고 몸무게는 168에 54-55 정도이거든요 근데 저보다 뚱뚱한 애들도 얼굴에 살이 많이 없어요제가 몸은 마른 편인데 턱살하고 볼살이 너무 심해요젖살이라 빠진다 이런 소리 하지마세요1.어떤 시술을 해야하나요?2.학생은 부모 허락을 받아야하죠?3. 얼마 정도 인가요?,"턱살 시술에 대해 궁금하신 점에 대한 답변을 드리겠습니다.​1. 턱살과 볼살을 개선하기 위해서는 보톡스 주사나 지방분해주사, 혹은 리프팅 시술을 고려할 수 있습니다. 보톡스 주사는 근육을 이완시켜 턱라인을 부드럽게 만들어주며, 지방분해주사는 지방세포를 분해하여 부풀어 있는 부위를 개선시켜줍니다. 리프팅 시술은 피부 속의 콜라겐을 자극하여 피부 탄력을 높여주는 효과가 있습니다.​2. 미성년자인 경우에는 부모님의 동의를 받아야 합니다. 시술 전에는 부모님과 함께 상담을 받고, 결정을 내리는 것이 좋습니다.​3. 시술 비용은 시술 방법과 병원에 따라 다를 수 있으며, 시술 범위에 따라서도 차이가 있을 수 있습니다. 시술을 원하는 병원이나 클리닉에 상담을 받아서 자세한 정보와 비용을 확인해보시는 것이 좋습니다.​시술을 고려하실 때는 신중하게 검토하고, 전문의의 상담을 받으시는 것이 중요합니다. 부족한 답변이라 죄송합니다. 더 궁금한 점이 있으시면 언제든지 물어보세요.​"
강박증 치료법ㅜㅜ,안녕하세여 중3 여학생인데 예전에도 강박증이 심했는데ㅠ요즘은 더 심해져서 미칠 거 같아요 옛날에는 그냥 문장을 막 엄청 유심히 해석했는데 이제는 곱셈에 집착해요 막 엄청 여러번 계산하고 까먹고있어도 금방 생각나서 미치겠어요ㅜㅜ 병원 다니는건 부담스러워서 다른 방법이 있나하고 간절하게 올려봐요ㅠ,꼼꼼하신 성격이시긴하나 그 정도가 지나치신거같으신데사실 그런성격은 병원을 간다고해서 고칠수있진 않고요.문제를 틀리는거에 너무 신경을 쓰시는거같아요 그래서 실수하지않으려고 계속 생각하시는거같은데요.사람은 언제나 실수를 해요 하지만 기 실수를 통해서 배울점도 있다고생각해서 아직 중학생이신데 ㅎㅎ 너무 공부에 목숨걸지 마시고요 몇문제 계산실수로 틀리거나 실수한다고해서 큰일이 나지는 않으니깐요.너무 틀리는거에 자책하시지 않으시면 좋겠습니다.
강박증 치료법ㅜㅜ,안녕하세여 중3 여학생인데 예전에도 강박증이 심했는데ㅠ요즘은 더 심해져서 미칠 거 같아요 옛날에는 그냥 문장을 막 엄청 유심히 해석했는데 이제는 곱셈에 집착해요 막 엄청 여러번 계산하고 까먹고있어도 금방 생각나서 미치겠어요ㅜㅜ 병원 다니는건 부담스러워서 다른 방법이 있나하고 간절하게 올려봐요ㅠ,안녕하세요! 저도 중3 여중생인데요 저는 엘레베이터 강박? 이 있었어요. 엘레베이터 그 번호를 빤히 쳐다보는 강박이라고 해야 하나요? 그 붉은 글씨를 빤히 계속 쳐다보고 수업시간에 자꾸 생각나고 그러더라고요 어떤 엘레베이터를 타든 숫자에 집착 하고요 그럴때마다 저는 다른 생각을 할 수 있게 뇌에게 시간을 줬어요내일 뭐 할껀지 계획도 세워보고 친구랑 깊은 이야기도 해보고 목욕할때도 최대한 다른 생각을 하고요 평소에 노래 잘 안듣는데 일부러 멜론 깔아서 학원 갈때 길 걸어갈때 노래 들으면서 아무 생각 없이 뇌를 비운다는 생각으로 다녔더니이젠 다 사라졌어요.아마 꾸준히 습관처럼 바꿔 나가면 언젠가는 고쳐지실 꺼에요! 힘내세요 홧팅​채택 해주시면 감사하겠습니다^^ 좋은 하루 보내시구요! 너무 걱정 마세요 ​
발저림 때문에 병원 가보았지만(서울 발저림),서울 60대 초반/여 발저림지난달부터 발저림이 생겨 병원을 가 약을 받아와 먹어봤지만 별다른 효과가 없네요양말을 신어도 신발 안에서 저린게 느껴질 정도로 증상이 점점 심해지고 있는데 이대로 가다가 나중에 걷지도 못할까봐 걱정이 됩니다...,"안녕하세요, 닥톡-네이버 지식iN 상담한의사 김도환입니다.발저림 때문에 병원을 찾아가 치료를 받았지만 회복되지 않아 답답함이 크셨을 거 같습니다. 치료가 되지 않는 와중에 증상도 심해지고 있어 걱정이 되실텐데요.발저림이 발생하는 원인은 다양하게 있습니다. 하지 정맥류 때문에 발생하기도 하며 지간신경종이나 족저근막염 등의 질환이 원인이 되는 경우도 있습니다.혈액순환이 잘 되지 않거나 신체의 말초신경에 이상이 생기는 경우에도 나타날 수 있기 때문에 어떤 원인으로 저린 증세가 계속 나타나고 있는지 확인할 필요가 있습니다.한의원에서는 체계적인 검사 시스템을 통해 발저림이 나타나는 원인을 파악하여 그에 맞는 맞춤 치료로 반복해서 불편이 생기지 않도록 도움을 드리고 있습니다.온뜸, 불부항, 향기요법 같은 두청테라피는 막힌 뇌경맥을 소통시키고 혈액순환을 촉진하여 증상을 완화하는데 도움이 되며 미주신경과 내장기관의 기능을 정상화시키는데 도움이 되는 두청탕을 복용하면 불편이 반복되지 않는 건강한 몸으로 회복 가능합니다.원인에 따라 치료 방식도 달라지기 때문에 인근 한의원을 방문하시거 검사를 통해 건강 상황도 확인하시고 그에 맞는 치료로 건강을 회복하시기 바라겠습니다.감사합니다."
군대 재검서류,"허리디스크로 인해 재검을 받고자 합니다. 작년 10월경 처음 통증이 시작되었고 통원치료로 여러 병원을 다니다이번주 수요일 결국 수술을 진행했습니다.6개월 이상 통원치료 관련하여 제출서류가 추가적으로 더 있으면 가져오라고 알고있는데어떤 서류가 필요한지 모르겠습니다.수술전mri촬영사진, 수술한 병원의 소견서 (병무용) 말고 이전에 통원치료까지 했던 자료가 더 필요한가요?",수술한 진단서가 필요한건같아요
질염 검사,제가 질염이 잇는것 같은데 냄새도 나도 분비물도 막 뭍어잇고.. 요즘따라 너무 가려워요 산부인과 가서 검사 받으려면 다리 쫙 벌려야하잖아요 근데 분비물 보일것 같은데.. 보여도 신경 안 쓰시나요..? 냄새도 너무 심해요 ㅠㅠ 현재 중1입니다,산부인과에선 늘 보는게 그런거라 신경안씁니다.ㅎㅎ 너무 부끄러워하지말고 다녀오세요! 전혀 신경안쓸거예요 그리고 질염이 계속되면 유산균도 챙겨드셔보시고 질균형스프레이 한번 찾아보세요 갖고다니면서 쓰기 좋아요
질염 검사,제가 질염이 잇는것 같은데 냄새도 나도 분비물도 막 뭍어잇고.. 요즘따라 너무 가려워요 산부인과 가서 검사 받으려면 다리 쫙 벌려야하잖아요 근데 분비물 보일것 같은데.. 보여도 신경 안 쓰시나요..? 냄새도 너무 심해요 ㅠㅠ 현재 중1입니다,질염은 누구에게나 있는 질병입니다스트레스로 면연력이 떨어져도 생길수 있는거라부끄럽게 생각하지 마시고 빨리 병원에 부모님과 같이 가보시길 귄유 드립니다
질염 검사,제가 질염이 잇는것 같은데 냄새도 나도 분비물도 막 뭍어잇고.. 요즘따라 너무 가려워요 산부인과 가서 검사 받으려면 다리 쫙 벌려야하잖아요 근데 분비물 보일것 같은데.. 보여도 신경 안 쓰시나요..? 냄새도 너무 심해요 ㅠㅠ 현재 중1입니다,괜찮아요 증상이 있으니까 병원에 가는거예요 어떤상태인지 정확히 봐야 치료가 가능하고 질문자님의 상태는 일반적인거라서 아무렇지 않은거라걱정마시고 병원가세요
우울증 치료 기간,"안녕하세요 15살 여학생입니다.  저는 초등학교 3학년 때 adhd 진단을 받았어요. 그 후 4학년 즈음 왕따와 가정 폭력을 겪었어요. 믿었던 가족과 친구들에게 받았던 상처가 컸던 모양인지 발작 증세도 보였구요. 그리고 어느 순간 아버지가 집을 나갔어요. 2년 뒤 아버지가 돌아오시긴 했지만, 그 후부터 어머니와 아버지가 싸워요. 마주칠 때마다 서로에게 비난 섞인 말을 해요. 너무 무서워요. 제 상황이 이래서인지 우울증 약을 꾸준히 먹어도 과거의 어떤 일이든 기억을 하면  갑자기 눈물이 나와요. 똑같은 증상이 작년 여름에 있었어요. 그것도 어찌저찌 넘어갔지만 너무 힘들어요. 고작 15살밖에 안됐으면서 뭐가 힘드냐, 다른 사람도 마찬가지다 라는 이야기를 듣고 부정적인 생각만 하게 되었어요. 그래서 가족한테 미안해요. 나만 없었으면 돈 낭비 안 했을텐데.. 나만 없었으면 가정이 화목하지 않았을까? 라는 생각을 많이 해요. 상담을 받았지만 약이 그대로예요. 약을 먹어야 하는 나 자신이 너무 싫어요. 언젠간 약을 안 먹어도 되는 날이 올까요?","안녕하세요. 비공개님서울시청소년상담복지센터 사이버 상담원입니다. ​적어준 글 잘 읽었습니다.5년 전, ADHD 진단을 받게 되었군요.그 뒤로 좋지 않은 일을 계속 겪게 되었었나 봐요.지금은 비공개님이 ADHD가 아니었다면 이런 일들이 일어나진 않았을지도 모른다는 생각을 하는군요.“나만 없었으면”이라는 표현에서 비공개님이 느끼고 있는 심한 죄책감이 전해집니다.ADHD를 겪고 있는 당사자인 비공개님이야 말로 가장 힘들 텐데,주변을 생각하며 자책하게 된 상황에 놓였으니, 무척 안쓰러운 마음이 듭니다. ​비공개님! ADHD 진단이 비공개님의 잘못이 아니듯,그 뒤로 겪은 왕따나 부모님 사이에 벌어진 일도 비공개님 잘못이 아니랍니다.하지만 비공개님은 지난 시간 동안 자신에게 벌어진 일로 인해 생긴 고통과 괴로움을도무지 어떻게 이해해야 할지 알 수가 없어서 비난의 화살을 자신에게 돌리고 또 돌리는 날이 많아졌던 거겠지요.자책하지 않고는 상황을 받아들이기 어려웠던 비공개님의 지난 시간에 위로를 보내요.정말 버티기 힘든 시간을 보냈습니다. ​자책은 우울증의 원인 중 하나입니다.깊은 죄책감은 자신을 미워하게 만들지요.죄책감이 더해지다 보면, 일상에서 무심코 즐거워하는 자신을 받아들이기 어려워하기도 합니다.긍정적인 감정이 줄어들수록 가라앉은 기분으로 하루를 보내는 날이 더 많아지겠지요.그러니 우울한 감정은 더욱 깊어지고, 우울증은 여전하게 되는 거랍니다. ​ADHD는 생물학적 원인이 있기 때문에 지속해서 약을 먹는 편이 좋아요.병원에는 계속 다녀야할 거예요.하지만 지금부터 지속해서 꾸준히 심리 상담을 받으면 우울증이 호전되고 집중력 유지나 충동 조절 습관이 길러지면서 약이 조절될 수 있어요.심리상담은 일주일에 1회 약 50분가량 주기적으로 받을 때 효과가 나타난답니다.특히 비공개님의 경우에는 ‘죄책감’을 유발하는 생각을 수정해 주고,‘죄책감’과 관련된 기억을 꺼내어 위로받고 다시 의미를 만들어내는 작업이 필요합니다.그리고 집중력 유지나 충동 조절같이 비공개님의 일상을 불편하게 하는 증상을 완화해주는심리적 전략을 몸에 익을 때까지 반복해서 연습하는 시간이 필요해요.마치 운동선수가 하나의 기술을 연마하기 위해 꾸준히 연습하는 것처럼 이요. ​우리 마음은 몸과 같이, 훈련을 통해서 단단해져 가는 거랍니다. 누구나 그래요.그 누구도 태어나자마자 강인하고 완벽한 정신력을 가지고 태어나지 않는답니다.누구나 단점이 있고 이를 적응적으로 바꾸고자 반복해서 마음 훈련을 해요.비공개님에게는 그게 ADHD고, 그에 맞는 훈련이 필요한 것뿐이랍니다. ​집 근처 청소년상담복지센터에 심리 상담을 신청하고신뢰할 만한 전문가인 청소년 상담사를 만나보길 바랍니다.청소년상담복지센터는 비용을 걱정하지 않고 상담을 할 수 있는 곳이에요.비공개님에게 꼭 도움이 되리라 기대합니다. ​비공개님의 자책하는 마음이 멈춰졌으면 좋겠습니다.더는 자신을 미워하지 않게 되길 바라요.그간 힘들고 어려운 일을 겪느라 참 마음고생 많았다고 다시 한 번 위로합니다.비공개님을 도울만한 친절한 만남들이 비공개님 앞길에 늘 함께하길 바랄게요. ​지금 바로 채팅상담이 필요하다면 카카오톡 채널에서 ‘마음톡톡’을 검색해 주세요!https://pf.kakao.com/_fMuxgxj‘마음 톡톡’을 친구 추가하시면 채팅 상담이 가능합니다.궁금한 사항이 생기거나 도움이 필요한 일이 있다면 언제든 연락해 주세요. ​서울시청소년상담복지센터 사이버 상담원 드림                    ​"
우울증 치료 기간,"안녕하세요 15살 여학생입니다.  저는 초등학교 3학년 때 adhd 진단을 받았어요. 그 후 4학년 즈음 왕따와 가정 폭력을 겪었어요. 믿었던 가족과 친구들에게 받았던 상처가 컸던 모양인지 발작 증세도 보였구요. 그리고 어느 순간 아버지가 집을 나갔어요. 2년 뒤 아버지가 돌아오시긴 했지만, 그 후부터 어머니와 아버지가 싸워요. 마주칠 때마다 서로에게 비난 섞인 말을 해요. 너무 무서워요. 제 상황이 이래서인지 우울증 약을 꾸준히 먹어도 과거의 어떤 일이든 기억을 하면  갑자기 눈물이 나와요. 똑같은 증상이 작년 여름에 있었어요. 그것도 어찌저찌 넘어갔지만 너무 힘들어요. 고작 15살밖에 안됐으면서 뭐가 힘드냐, 다른 사람도 마찬가지다 라는 이야기를 듣고 부정적인 생각만 하게 되었어요. 그래서 가족한테 미안해요. 나만 없었으면 돈 낭비 안 했을텐데.. 나만 없었으면 가정이 화목하지 않았을까? 라는 생각을 많이 해요. 상담을 받았지만 약이 그대로예요. 약을 먹어야 하는 나 자신이 너무 싫어요. 언젠간 약을 안 먹어도 되는 날이 올까요?",겪어보지 못한 제가 쓰니에게 ‘힘내라’‘언젠가 다 지나갈거다’이런 말은 못할것 같아요왜냐면 힘내라는 말이 위로가 되지 않잖아요그치만 죽진 마요..부모님이 쓰니에게 쓴 돈은 하나도 아깝지 않을거고요쓰니가 죽으면 가족이 지금보다 더 슬퍼할것 같아요그러니까 죽지마요앞으로 살아있을 날이 엄청 많은데 그중에 단 한번이라도 행복할 날이 없을까요?그니까 죽을 생각 하지마요언제나 위로가 필요하면 다시 지식인에 질문해요아무도 이상하게 생각하지 않고 다 저처럼 위로 해줄게에요그럼 하루하루 행복을 찾아 같이 살아가요!제말이 쓰니에게 위로가 될지 모르겠지만 죽진 않기로 약속해요!!!​
입 벽쪽 구내염 치료 문의드립니다.,"입 안쪽에 구내염이 1주일 넘게 지속되고있는데요. 가글, 약을 발라도 낫지를 않습니다.. 어떤 구내염 종류인지, 어떻게 치료하면 좋을까요? 혹은 병원을 가본다면 구강내과를 방문해야할까요?","질문자님 안녕하세요 ​네, 그럼 구강 내과나 이비인후과에 방문해서 진료 받는 게 좋겠어요"
병원에서 엉덩이골절 치료,엉덩이골절되서 병원가는 사람은 병원에서 어떤치료 처방해주나요?,"수술할 정도 아님 입원하더라도 침상에서 안정가료 합니다그리고 약물, 주사치료를 하게되구요"
병원 용어 사정 뜻,응급처치할 때 완전기도폐쇄면 즉시 사정해야 한다는데 이때 사정은 무엇을 뜻하는 건가요,안녕하세요.​#요약1. 분류체계에서 어떤일을 할지 정해야 한다는 뜻입니다.2. A → B → C 이런 일의 순서를 정하는 겁니다. ​건승하세요
우울증 있는거 부모님께 어떻게 말하나요,저 우울증이 있는것 같애요... 인터넷으로 테스트 사이트 몇개 해봤는데 다 있다거나 심각하다고 나오네요. 진짜 병원에 가봐야 될것 같은데 부모님께 말을 못하겠어요... 부모님은 제가 밝고 친구 있는 얘로 알고 있거든요 근데 사실은 진짜 친구도 없어서 왕따이고 항상 외롭고 슬픈데 부모님께 이걸 도저히 들키기 싫어요.. 진짜 어떡하죠...,"그림마음연구소 진아영입니다.현재 미술치료사로 활동중이며, 온라인상담등을 제공하고 있어 지식인 활동도 하고 있습니다.​먼저 인터넷 상 우울증 검사를 통해 심각하게 나온다고 하여 먼저 걱정이 되시겠어요.우울은 마음의 감기와 같다는 말 들어보셨을까요?감기도 한번쯤 심하게 걸리면 몇일동안 누워있어야 하기도 하고,어떨땐 약도 안먹어도 푹쉬면 낫기도 하지요.우울과 우울증도 같습니다. 원인과 증상에 따라 오래 지켜봐야 하기도 하지만,때로는 가끔 일상에 지쳐서, 스트레스 때문에, 대인관계 때문에 갑작스레 심해지고,또 이런 문제들이 해결되면 우울감이 사라지기도 합니다.​먼저 지금 우울하다고 자신이 우울한 인간이 되는 것은 아닙니다.평소 밝은 성격이다보니 오히려 더 다른 모습을 보여드리는 것이 용기가 필요한 듯 합니다.하지만 청소년기와 초기성인기까지는 다양한 일들을 경험하면서 성격이 형성되는 시기로나는 어떤 사람이야. 라고 정의내리기보다는.지금 있는 감정과 생각을 있는 그대로 존중해주시면 어떨까 합니다.나는 지금 조금 우울한 상태야. 이런식으로요.부모님께 의료기관 방문 및 치료, 상담료 등의 도움이 필요하시다면 말씀드려서지원을 받아 상담 및 치료를 받아보시길 바라구요.혹시 학생이시라면 먼저 학교에서는 상담실 위센터등이 있으니 먼저 방문해보셔서 상담을 받아보시길 바랍니다.청소년의 경우 청소년 상담센터 등 국가에서도 제공하고 있습니다.부모님에게 솔직하게 털어놓고 도움을 받는것도 너무 용기있는 모습이지만,아직 용기가 나지 않는다면 직접 센터로 연락해 먼저 상담을 받아보시는 것도 어떨까 합니다.​ 지식인의 답변 란을 통해 이런 저런 말을 적고 가지만무엇보다도 아주 작은 도움이라도 되시길 또 자신을 사랑하는 마음으로 용기를 내보시길 응원합니다.​감사합니다.​"
업무상과실치사로 소송절차 및 가능성 궁름합니도,"와이프가 제왕절개 수술후 입원실에 도착해 안정을 취하던 도중 전신에 가려움을 느껴 간호사실에 말했습니다그날 담당의가 항히스타민(페니라민 4mg/2ml)1amp과스테로이드(5mg/1ml)1amp을 처방내렸고 18일 저녁 8~9시 경으로 알고있고 그때 부터 약간 어지럼증을 느꼈으며 다음날 아침 다시 가려움을 느낀다고 말하니 11시쯤 페니라민 1amp을 주사후 잠시후 와이프가 갑자기 극도의 어지러움과공포,기억이 소실되는 느낌 그리고 환각 환청을 느끼며 섬망증상이 19일 오전11시 부터 오후4시까지 나타났습니다 위 약물들을 주사하는 동안 그어떤 설명도 없었습니다그 이후로 아무 약물도 없이 3시간 정도 잠을 자고 정상으로 돌아왔습니다 그전에 단한번도 이런 경험을 한적없었습니다현재 약물 부작용으로 진료기록에 나와있는 상태구요 그럼병원에서도 인정상태 아닌가요병원상대로 업무상과실치사로 고소가 가능한 부분이지 알고싶습니다","담당 의사에게는 업무상과실치상죄가 성립하지 않습니다. 고소는 이유가 없어 보입니다. ​​​업무상과실치상죄는 업무상과실로 사람을 상해에 이르게 하는 범죄(형법 제268조)입니다. 질문에 제시하신 사실관계에 따르면, 질문자님의 아내는 산부로서 제왕절개수술로 인한 출산 직후에 전신에 가려움을 느껴, 의사가 그에게 약물을 처방하고 주사하였으나 그 약물의 부작용으로 인하여 질문자님의 아내가 어지러움, 공포, 환각·환청 등의 증상을 겪었다는 것입니다. ​업무상과실치상죄가 성립하기 위해서는 피해자에게 상해의 결과가 발생했을 뿐만 아니라, 행위자에게 상해의 결과와 상당한 인과관계가 있는 업무상의 과실이 있을 것을 요합니다. 그러나 질문자님 사건의 경우, 단지 약물 부작용이 있었다는 이유만으로 담당 의사에게 과실이 있었다고 보기 어렵습니다. 따라서, 질문자님의 아내의 담당 의사에게 업무상과실이 있었다고 볼 수 없기 때문에, 그에게는 업무상과실치상죄가 성립하지 않습니다. 질문자님의 아내가 그를 고소하더라도 이유 없을 것입니다. ​​​유익한 답변 되었기를 바라며, 채택 부탁드립니다."
말기암 선고,병원에서 말기암 선고 받으면 어떤느낌인가요?모든걸 포기하고 자포자기하게 되나여?,사람마다 받아들이는게 다를수밖에 없습니다기본적으로 충격이 크겠죠
말기암 선고,병원에서 말기암 선고 받으면 어떤느낌인가요?모든걸 포기하고 자포자기하게 되나여?,세상이 잿빛으로 보인답니다.웃어도 마음으론 울고있답니다.
산부인과 냉,"성관계도 안한지 1년이 다 되어가는데 3일전부터 바디워시로 씻으면 따갑고 , 가렵고 , 피도 조금 묻어나옵니다. 그리고 연두색 덩어리진 냉도 나오는데 이런 이유로 산부인과를 가면 어떤 검사를하는지 궁금합니다 ! 어떤 이유에서 이런건지도 알려주시면 감사하겠습니다",산부인과 가면 보통 하는 검사가 질분비물검사로 질염균 있는지 확인하고 질경으로 질 내부 확인하고 초음파로 자궁이나 난소에 문제있나 봐요 증상을 봐서는 생리기간 전후로 해서 질염 생기신걸수도 있는데 정확한건 병원가보세요! 그리고 질염이면 평소에 질유산균 잘챙겨드시고 질균형스프레이 갖고다니면서 관리해주세요.. 질염 한번 생기면 계속 생기더라고요.
산부인과 냉,"성관계도 안한지 1년이 다 되어가는데 3일전부터 바디워시로 씻으면 따갑고 , 가렵고 , 피도 조금 묻어나옵니다. 그리고 연두색 덩어리진 냉도 나오는데 이런 이유로 산부인과를 가면 어떤 검사를하는지 궁금합니다 ! 어떤 이유에서 이런건지도 알려주시면 감사하겠습니다",주로 질염검사를 합니다.간혹 필요에 따라서 std12종 검사를 할수 도 있고요.종종 2가지 이상 균이 발견되기도 하니까요.
